IDTRANS;DIST;pk;ALTI_MOY
1;47,5;61900;193,7211
2;52,5;61895;193,7314
4;62,5;61885;193,7267
5;67,5;61880;193,7119
6;72,5;61875;193,7321
7;77,5;61870;193,7229
9;87,5;61860;193,7237
10;92,5;61855;193,7283
11;97,5;61850;193,7245
13;107,5;61840;193,7356
14;112,5;61835;193,7356
15;117,5;61830;193,7458
16;122,5;61825;193,7415
17;127,5;61820;193,7510
19;137,5;61810;193,7409
20;142,5;61805;193,7304
21;147,5;61800;193,7352
22;152,5;61795;193,7304
24;162,5;61785;193,7318
25;167,5;61780;193,7436
26;172,5;61775;193,7394
27;177,5;61770;193,7348
29;187,5;61760;193,7345
30;192,5;61755;193,7283
32;202,5;61745;193,7294
33;207,5;61740;193,7271
34;212,5;61735;193,7379
36;222,5;61725;193,7228
37;227,5;61720;193,7298
38;232,5;61715;193,7312
40;242,5;61705;193,7397
41;247,5;61700;193,7308
42;252,5;61695;193,7395
43;257,5;61690;193,7326
44;262,5;61685;193,7337
46;272,5;61675;193,7377
47;277,5;61670;193,7383
48;282,5;61665;193,7346
50;292,5;61655;193,7290
51;297,5;61650;193,7241
52;302,5;61645;193,7134
54;312,5;61635;193,7219
55;317,5;61630;193,7269
57;327,5;61620;193,7084
58;332,5;61615;193,6989
60;342,5;61605;193,6999
61;347,5;61600;193,7154
62;352,5;61595;193,7212
64;362,5;61585;193,7188
81;447,5;61500;193,7124
82;452,5;61495;193,7201
83;457,5;61490;193,7090
85;467,5;61480;193,7211
86;472,5;61475;193,7021
92;502,5;61445;193,7065
93;507,5;61440;193,7176
94;512,5;61435;193,7133
95;517,5;61430;193,7301
96;522,5;61425;193,7090
97;527,5;61420;193,7153
98;532,5;61415;193,7035
99;537,5;61410;193,6988
100;542,5;61405;193,7346
101;547,5;61400;193,7083
102;552,5;61395;193,7027
103;557,5;61390;193,6847
104;562,5;61385;193,6887
105;567,5;61380;193,7077
111;597,5;61350;193,6875
112;602,5;61345;193,6938
113;607,5;61340;193,6854
114;612,5;61335;193,6936
126;672,5;61275;193,6948
127;677,5;61270;193,7077
130;692,5;61255;193,6886
131;697,5;61250;193,6981
132;702,5;61245;193,7153
133;707,5;61240;193,6929
134;712,5;61235;193,7108
135;717,5;61230;193,7133
136;722,5;61225;193,7047
140;742,5;61205;193,7029
141;747,5;61200;193,6853
143;757,5;61190;193,6891
144;762,5;61185;193,6982
145;767,5;61180;193,7042
146;772,5;61175;193,6951
147;777,5;61170;193,7004
153;807,5;61140;193,7056
156;822,5;61125;193,7031
157;827,5;61120;193,7006
158;832,5;61115;193,6798
159;837,5;61110;193,7011
160;842,5;61105;193,6828
161;847,5;61100;193,6900
163;857,5;61090;193,6987
164;862,5;61085;193,6926
165;867,5;61080;193,7038
166;872,5;61075;193,6941
167;877,5;61070;193,6947
168;882,5;61065;193,7068
169;887,5;61060;193,7035
170;892,5;61055;193,7023
171;897,5;61050;193,7007
172;902,5;61045;193,7079
173;907,5;61040;193,7095
174;912,5;61035;193,7042
175;917,5;61030;193,7027
176;922,5;61025;193,6996
177;927,5;61020;193,7047
178;932,5;61015;193,6981
179;937,5;61010;193,6984
180;942,5;61005;193,7131
185;967,5;60980;193,7063
186;972,5;60975;193,6877
187;977,5;60970;193,7265
188;982,5;60965;193,7125
189;987,5;60960;193,7011
190;992,5;60955;193,6987
191;997,5;60950;193,7153
194;1012,5;60935;193,7103
195;1017,5;60930;193,6971
196;1022,5;60925;193,7041
197;1027,5;60920;193,7138
200;1042,5;60905;193,7052
201;1047,5;60900;193,7062
202;1052,5;60895;193,7063
203;1057,5;60890;193,7059
204;1062,5;60885;193,7151
205;1067,5;60880;193,7069
207;1077,5;60870;193,7060
208;1082,5;60865;193,6943
209;1087,5;60860;193,6988
210;1092,5;60855;193,7075
211;1097,5;60850;193,7063
212;1102,5;60845;193,6941
213;1107,5;60840;193,7106
214;1112,5;60835;193,7057
215;1117,5;60830;193,7009
216;1122,5;60825;193,7147
218;1132,5;60815;193,7133
219;1137,5;60810;193,7165
220;1142,5;60805;193,7182
221;1147,5;60800;193,7147
222;1152,5;60795;193,7088
223;1157,5;60790;193,7047
224;1162,5;60785;193,7044
225;1167,5;60780;193,6970
226;1172,5;60775;193,7065
227;1177,5;60770;193,7020
228;1182,5;60765;193,6961
229;1187,5;60760;193,6920
230;1192,5;60755;193,7031
231;1197,5;60750;193,6937
232;1202,5;60745;193,6948
233;1207,5;60740;193,6969
234;1212,5;60735;193,7078
235;1217,5;60730;193,6916
236;1222,5;60725;193,6964
237;1227,5;60720;193,6994
238;1232,5;60715;193,6966
239;1237,5;60710;193,6958
240;1242,5;60705;193,6940
241;1247,5;60700;193,6975
242;1252,5;60695;193,6969
243;1257,5;60690;193,6991
244;1262,5;60685;193,7012
245;1267,5;60680;193,7060
246;1272,5;60675;193,7077
247;1277,5;60670;193,7035
248;1282,5;60665;193,7052
249;1287,5;60660;193,7031
250;1292,5;60655;193,6981
251;1297,5;60650;193,6906
252;1302,5;60645;193,7020
253;1307,5;60640;193,7020
254;1312,5;60635;193,6902
255;1317,5;60630;193,6982
256;1322,5;60625;193,6943
257;1327,5;60620;193,6989
258;1332,5;60615;193,6948
259;1337,5;60610;193,6970
260;1342,5;60605;193,6897
261;1347,5;60600;193,6988
262;1352,5;60595;193,6935
263;1357,5;60590;193,7016
264;1362,5;60585;193,7094
265;1367,5;60580;193,7042
266;1372,5;60575;193,7153
267;1377,5;60570;193,7133
268;1382,5;60565;193,7289
269;1387,5;60560;193,7202
270;1392,5;60555;193,7049
271;1397,5;60550;193,7027
272;1402,5;60545;193,6974
273;1407,5;60540;193,6957
274;1412,5;60535;193,6893
275;1417,5;60530;193,6869
276;1422,5;60525;193,6931
277;1427,5;60520;193,6980
278;1432,5;60515;193,7012
279;1437,5;60510;193,6982
280;1442,5;60505;193,6971
281;1447,5;60500;193,6957
282;1452,5;60495;193,6883
283;1457,5;60490;193,6941
284;1462,5;60485;193,6980
285;1467,5;60480;193,6945
286;1472,5;60475;193,6992
287;1477,5;60470;193,6902
288;1482,5;60465;193,6960
289;1487,5;60460;193,6960
290;1492,5;60455;193,7012
291;1497,5;60450;193,6992
292;1502,5;60445;193,6920
293;1507,5;60440;193,7005
294;1512,5;60435;193,7014
295;1517,5;60430;193,7038
296;1522,5;60425;193,6889
297;1527,5;60420;193,6979
298;1532,5;60415;193,6955
299;1537,5;60410;193,6961
300;1542,5;60405;193,6977
301;1547,5;60400;193,6992
302;1552,5;60395;193,6977
303;1557,5;60390;193,7057
304;1562,5;60385;193,6979
305;1567,5;60380;193,7035
306;1572,5;60375;193,7074
307;1577,5;60370;193,7053
308;1582,5;60365;193,7014
309;1587,5;60360;193,6954
310;1592,5;60355;193,6937
311;1597,5;60350;193,6955
312;1602,5;60345;193,7018
313;1607,5;60340;193,6981
314;1612,5;60335;193,7015
315;1617,5;60330;193,7022
316;1622,5;60325;193,7022
317;1627,5;60320;193,7067
318;1632,5;60315;193,6979
319;1637,5;60310;193,6936
320;1642,5;60305;193,7003
321;1647,5;60300;193,7045
322;1652,5;60295;193,6915
323;1657,5;60290;193,7020
324;1662,5;60285;193,6820
325;1667,5;60280;193,6928
326;1672,5;60275;193,6956
327;1677,5;60270;193,6899
328;1682,5;60265;193,6870
329;1687,5;60260;193,6976
330;1692,5;60255;193,6919
331;1697,5;60250;193,6906
332;1702,5;60245;193,6953
333;1707,5;60240;193,7074
334;1712,5;60235;193,6991
335;1717,5;60230;193,6976
336;1722,5;60225;193,6977
337;1727,5;60220;193,7076
338;1732,5;60215;193,6945
339;1737,5;60210;193,6992
340;1742,5;60205;193,7024
341;1747,5;60200;193,7085
342;1752,5;60195;193,7036
343;1757,5;60190;193,6996
344;1762,5;60185;193,7064
345;1767,5;60180;193,6907
346;1772,5;60175;193,7005
347;1777,5;60170;193,7024
348;1782,5;60165;193,6951
349;1787,5;60160;193,7105
350;1792,5;60155;193,6957
351;1797,5;60150;193,7000
352;1802,5;60145;193,7025
353;1807,5;60140;193,6892
354;1812,5;60135;193,6935
355;1817,5;60130;193,6835
356;1822,5;60125;193,6950
357;1827,5;60120;193,7053
358;1832,5;60115;193,6915
359;1837,5;60110;193,7047
360;1842,5;60105;193,6995
361;1847,5;60100;193,6963
362;1852,5;60095;193,7002
363;1857,5;60090;193,6959
364;1862,5;60085;193,6977
365;1867,5;60080;193,6946
366;1872,5;60075;193,6993
367;1877,5;60070;193,7034
368;1882,5;60065;193,7152
369;1887,5;60060;193,7113
370;1892,5;60055;193,7202
371;1897,5;60050;193,7130
372;1902,5;60045;193,7060
373;1907,5;60040;193,6994
374;1912,5;60035;193,6988
375;1917,5;60030;193,6846
376;1922,5;60025;193,7059
377;1927,5;60020;193,6997
378;1932,5;60015;193,7054
379;1937,5;60010;193,7081
380;1942,5;60005;193,7184
381;1947,5;60000;193,6956
382;1952,5;59995;193,7014
383;1957,5;59990;193,6958
384;1962,5;59985;193,6987
385;1967,5;59980;193,6939
386;1972,5;59975;193,7009
387;1977,5;59970;193,6918
388;1982,5;59965;193,6934
389;1987,5;59960;193,6920
390;1992,5;59955;193,6799
391;1997,5;59950;193,6841
392;2002,5;59945;193,6827
393;2007,5;59940;193,6954
395;2017,5;59930;193,6955
400;2042,5;59905;193,7003
401;2047,5;59900;193,6935
403;2057,5;59890;193,6773
404;2062,5;59885;193,6925
405;2067,5;59880;193,6933
406;2072,5;59875;193,6813
408;2082,5;59865;193,6870
409;2087,5;59860;193,6974
410;2092,5;59855;193,6871
412;2102,5;59845;193,6849
413;2107,5;59840;193,6919
414;2112,5;59835;193,7004
416;2122,5;59825;193,6812
417;2127,5;59820;193,6900
419;2137,5;59810;193,6863
420;2142,5;59805;193,6976
421;2147,5;59800;193,6826
422;2152,5;59795;193,6873
423;2157,5;59790;193,6807
424;2162,5;59785;193,7111
425;2167,5;59780;193,6899
426;2172,5;59775;193,6641
427;2177,5;59770;193,6916
428;2182,5;59765;193,6867
429;2187,5;59760;193,6672
430;2192,5;59755;193,6908
431;2197,5;59750;193,6997
432;2202,5;59745;193,6846
433;2207,5;59740;193,6927
434;2212,5;59735;193,7157
435;2217,5;59730;193,7267
436;2222,5;59725;193,7347
437;2227,5;59720;193,6853
438;2232,5;59715;193,6896
439;2237,5;59710;193,6825
440;2242,5;59705;193,6843
441;2247,5;59700;193,6815
442;2252,5;59695;193,6956
443;2257,5;59690;193,6796
444;2262,5;59685;193,6726
445;2267,5;59680;193,6728
446;2272,5;59675;193,6921
447;2277,5;59670;193,6774
448;2282,5;59665;193,6880
449;2287,5;59660;193,7029
450;2292,5;59655;193,6798
451;2297,5;59650;193,6795
452;2302,5;59645;193,6876
453;2307,5;59640;193,6692
454;2312,5;59635;193,6782
456;2322,5;59625;193,6846
457;2327,5;59620;193,6793
458;2332,5;59615;193,6646
459;2337,5;59610;193,6967
460;2342,5;59605;193,6940
461;2347,5;59600;193,6685
462;2352,5;59595;193,6662
463;2357,5;59590;193,6808
464;2362,5;59585;193,6805
465;2367,5;59580;193,6884
466;2372,5;59575;193,6783
467;2377,5;59570;193,6825
468;2382,5;59565;193,6738
469;2387,5;59560;193,6743
470;2392,5;59555;193,6820
471;2397,5;59550;193,6751
472;2402,5;59545;193,6698
473;2407,5;59540;193,6621
474;2412,5;59535;193,6749
475;2417,5;59530;193,6781
476;2422,5;59525;193,6670
477;2427,5;59520;193,6642
478;2432,5;59515;193,6566
479;2437,5;59510;193,6700
480;2442,5;59505;193,6566
481;2447,5;59500;193,6659
482;2452,5;59495;193,6792
483;2457,5;59490;193,6635
484;2462,5;59485;193,6620
485;2467,5;59480;193,6603
486;2472,5;59475;193,6708
487;2477,5;59470;193,6606
488;2482,5;59465;193,6591
489;2487,5;59460;193,6836
490;2492,5;59455;193,6624
491;2497,5;59450;193,6628
492;2502,5;59445;193,6533
493;2507,5;59440;193,6380
495;2517,5;59430;193,6488
496;2522,5;59425;193,6638
497;2527,5;59420;193,6566
498;2532,5;59415;193,6485
499;2537,5;59410;193,6524
501;2547,5;59400;193,6395
502;2552,5;59395;193,6351
503;2557,5;59390;193,6237
505;2567,5;59380;193,6361
506;2572,5;59375;193,6523
507;2577,5;59370;193,6499
509;2587,5;59360;193,6461
510;2592,5;59355;193,6452
511;2597,5;59350;193,6489
513;2607,5;59340;193,6386
514;2612,5;59335;193,6531
515;2617,5;59330;193,6489
517;2627,5;59320;193,6566
518;2632,5;59315;193,6512
519;2637,5;59310;193,6573
520;2642,5;59305;193,6488
521;2647,5;59300;193,6567
523;2657,5;59290;193,6535
524;2662,5;59285;193,6481
525;2667,5;59280;193,6514
526;2672,5;59275;193,6504
528;2682,5;59265;193,6594
529;2687,5;59260;193,6531
530;2692,5;59255;193,6594
531;2697,5;59250;193,6466
533;2707,5;59240;193,6553
534;2712,5;59235;193,6526
535;2717,5;59230;193,6601
536;2722,5;59225;193,6482
538;2732,5;59215;193,6406
539;2737,5;59210;193,6401
540;2742,5;59205;193,6338
542;2752,5;59195;193,6425
543;2757,5;59190;193,6405
544;2762,5;59185;193,6333
546;2772,5;59175;193,6422
547;2777,5;59170;193,6374
548;2782,5;59165;193,6408
550;2792,5;59155;193,6337
551;2797,5;59150;193,6372
552;2802,5;59145;193,6286
554;2812,5;59135;193,6402
555;2817,5;59130;193,6370
556;2822,5;59125;193,6316
557;2827,5;59120;193,6330
559;2837,5;59110;193,6395
560;2842,5;59105;193,6293
561;2847,5;59100;193,6329
563;2857,5;59090;193,6290
564;2862,5;59085;193,6403
565;2867,5;59080;193,6313
567;2877,5;59070;193,6319
568;2882,5;59065;193,6339
569;2887,5;59060;193,6258
571;2897,5;59050;193,6304
572;2902,5;59045;193,6272
573;2907,5;59040;193,6344
575;2917,5;59030;193,6227
576;2922,5;59025;193,6312
577;2927,5;59020;193,6234
579;2937,5;59010;193,6285
580;2942,5;59005;193,6226
581;2947,5;59000;193,6323
583;2957,5;58990;193,6270
584;2962,5;58985;193,6240
586;2972,5;58975;193,6359
587;2977,5;58970;193,6246
588;2982,5;58965;193,6211
590;2992,5;58955;193,6308
591;2997,5;58950;193,6323
592;3002,5;58945;193,6246
594;3012,5;58935;193,6215
595;3017,5;58930;193,6288
596;3022,5;58925;193,6227
597;3027,5;58920;193,6300
599;3037,5;58910;193,6281
600;3042,5;58905;193,6256
601;3047,5;58900;193,6301
602;3052,5;58895;193,6199
604;3062,5;58885;193,6161
605;3067,5;58880;193,6283
607;3077,5;58870;193,6265
608;3082,5;58865;193,6235
609;3087,5;58860;193,6260
611;3097,5;58850;193,6315
612;3102,5;58845;193,6331
613;3107,5;58840;193,6358
615;3117,5;58830;193,6301
616;3122,5;58825;193,6283
618;3132,5;58815;193,6283
619;3137,5;58810;193,6244
621;3147,5;58800;193,6235
622;3152,5;58795;193,6225
623;3157,5;58790;193,6221
624;3162,5;58785;193,6190
626;3172,5;58775;193,6247
627;3177,5;58770;193,6252
628;3182,5;58765;193,6350
630;3192,5;58755;193,6153
631;3197,5;58750;193,6130
632;3202,5;58745;193,6195
633;3207,5;58740;193,6161
634;3212,5;58735;193,6218
635;3217,5;58730;193,6174
636;3222,5;58725;193,6157
637;3227,5;58720;193,6175
638;3232,5;58715;193,6216
639;3237,5;58710;193,6071
640;3242,5;58705;193,6132
641;3247,5;58700;193,6194
643;3257,5;58690;193,6110
644;3262,5;58685;193,6272
645;3267,5;58680;193,6112
646;3272,5;58675;193,6192
647;3277,5;58670;193,6197
648;3282,5;58665;193,6027
649;3287,5;58660;193,6060
651;3297,5;58650;193,6027
652;3302,5;58645;193,6068
653;3307,5;58640;193,6011
654;3312,5;58635;193,5981
656;3322,5;58625;193,6010
657;3327,5;58620;193,5973
658;3332,5;58615;193,5898
660;3342,5;58605;193,5976
661;3347,5;58600;193,5950
662;3352,5;58595;193,5946
663;3357,5;58590;193,5959
664;3362,5;58585;193,5871
665;3367,5;58580;193,5891
667;3377,5;58570;193,5856
668;3382,5;58565;193,5927
669;3387,5;58560;193,5858
670;3392,5;58555;193,5861
672;3402,5;58545;193,5933
673;3407,5;58540;193,5941
674;3412,5;58535;193,5847
676;3422,5;58525;193,5886
677;3427,5;58520;193,5873
678;3432,5;58515;193,5821
680;3442,5;58505;193,5820
681;3447,5;58500;193,5742
682;3452,5;58495;193,5733
684;3462,5;58485;193,5910
685;3467,5;58480;193,5875
686;3472,5;58475;193,5859
688;3482,5;58465;193,5830
689;3487,5;58460;193,5784
690;3492,5;58455;193,5905
692;3502,5;58445;193,5798
694;3512,5;58435;193,5783
696;3522,5;58425;193,5783
697;3527,5;58420;193,5815
699;3537,5;58410;193,5880
701;3547,5;58400;193,5842
702;3552,5;58395;193,5878
704;3562,5;58385;193,5767
705;3567,5;58380;193,5866
707;3577,5;58370;193,5832
708;3582,5;58365;193,5836
710;3592,5;58355;193,5887
711;3597,5;58350;193,5814
712;3602,5;58345;193,5761
714;3612,5;58335;193,5724
715;3617,5;58330;193,5554
717;3627,5;58320;193,5544
718;3632,5;58315;193,5632
720;3642,5;58305;193,5543
721;3647,5;58300;193,5530
723;3657,5;58290;193,5421
724;3662,5;58285;193,5382
726;3672,5;58275;193,5427
727;3677,5;58270;193,5460
729;3687,5;58260;193,5488
730;3692,5;58255;193,5410
732;3702,5;58245;193,5103
733;3707,5;58240;193,5444
735;3717,5;58230;193,5399
736;3722,5;58225;193,5421
738;3732,5;58215;193,5224
739;3737,5;58210;193,5330
741;3747,5;58200;193,5383
743;3757,5;58190;193,5302
744;3762,5;58185;193,5390
746;3772,5;58175;193,5320
747;3777,5;58170;193,5377
749;3787,5;58160;193,5387
751;3797,5;58150;193,5340
752;3802,5;58145;193,5336
754;3812,5;58135;193,5296
755;3817,5;58130;193,5285
757;3827,5;58120;193,5271
758;3832,5;58115;193,5203
760;3842,5;58105;193,5161
761;3847,5;58100;193,5149
763;3857,5;58090;193,5203
764;3862,5;58085;193,5145
766;3872,5;58075;193,5142
767;3877,5;58070;193,5216
768;3882,5;58065;193,5142
770;3892,5;58055;193,5262
771;3897,5;58050;193,5096
773;3907,5;58040;193,5122
775;3917,5;58030;193,5134
776;3922,5;58025;193,5102
778;3932,5;58015;193,5103
779;3937,5;58010;193,5081
781;3947,5;58000;193,5048
782;3952,5;57995;193,5121
784;3962,5;57985;193,5093
785;3967,5;57980;193,5068
787;3977,5;57970;193,5033
788;3982,5;57965;193,5118
790;3992,5;57955;193,4956
791;3997,5;57950;193,4894
793;4007,5;57940;193,4919
795;4017,5;57930;193,4904
796;4022,5;57925;193,4854
798;4032,5;57915;193,4848
799;4037,5;57910;193,4913
801;4047,5;57900;193,4694
803;4057,5;57890;193,4776
804;4062,5;57885;193,4556
806;4072,5;57875;193,4610
807;4077,5;57870;193,4621
809;4087,5;57860;193,4507
811;4097,5;57850;193,4589
812;4102,5;57845;193,4417
814;4112,5;57835;193,4467
816;4122,5;57825;193,4258
818;4132,5;57815;193,4446
819;4137,5;57810;193,4082
821;4147,5;57800;193,4241
823;4157,5;57790;193,4136
825;4167,5;57780;193,4104
826;4172,5;57775;193,4039
828;4182,5;57765;193,4066
830;4192,5;57755;193,3913
832;4202,5;57745;193,3918
833;4207,5;57740;193,3801
835;4217,5;57730;193,3825
837;4227,5;57720;193,3698
839;4237,5;57710;193,3753
840;4242,5;57705;193,3603
842;4252,5;57695;193,3559
844;4262,5;57685;193,3515
846;4272,5;57675;193,3539
848;4282,5;57665;193,3494
849;4287,5;57660;193,3407
851;4297,5;57650;193,3437
853;4307,5;57640;193,3410
854;4312,5;57635;193,3347
856;4322,5;57625;193,3357
858;4332,5;57615;193,3345
859;4337,5;57610;193,3259
861;4347,5;57600;193,3429
863;4357,5;57590;193,3254
864;4362,5;57585;193,3260
866;4372,5;57575;193,3253
867;4377,5;57570;193,3244
869;4387,5;57560;193,3228
870;4392,5;57555;193,3213
872;4402,5;57545;193,3163
874;4412,5;57535;193,3193
875;4417,5;57530;193,3193
877;4427,5;57520;193,3169
878;4432,5;57515;193,3115
880;4442,5;57505;193,3110
882;4452,5;57495;193,3068
883;4457,5;57490;193,2994
885;4467,5;57480;193,3059
887;4477,5;57470;193,3019
888;4482,5;57465;193,3003
890;4492,5;57455;193,3078
892;4502,5;57445;193,2933
894;4512,5;57435;193,2925
896;4522,5;57425;193,2907
897;4527,5;57420;193,2873
899;4537,5;57410;193,2847
901;4547,5;57400;193,2902
903;4557,5;57390;193,2804
904;4562,5;57385;193,2802
906;4572,5;57375;193,2847
907;4577,5;57370;193,2777
909;4587,5;57360;193,2730
911;4597,5;57350;193,2611
913;4607,5;57340;193,2718
914;4612,5;57335;193,2756
916;4622,5;57325;193,2664
918;4632,5;57315;193,2709
919;4637,5;57310;193,2612
921;4647,5;57300;193,2591
923;4657,5;57290;193,2567
925;4667,5;57280;193,2517
926;4672,5;57275;193,2541
928;4682,5;57265;193,2496
930;4692,5;57255;193,2372
932;4702,5;57245;193,2429
934;4712,5;57235;193,2369
936;4722,5;57225;193,2333
938;4732,5;57215;193,2294
940;4742,5;57205;193,2327
942;4752,5;57195;193,2170
944;4762,5;57185;193,2151
946;4772,5;57175;193,2142
948;4782,5;57165;193,2057
950;4792,5;57155;193,2093
952;4802,5;57145;193,2104
954;4812,5;57135;193,1996
956;4822,5;57125;193,2016
958;4832,5;57115;193,1979
960;4842,5;57105;193,1896
962;4852,5;57095;193,1954
964;4862,5;57085;193,1969
966;4872,5;57075;193,1944
968;4882,5;57065;193,1638
970;4892,5;57055;193,1695
972;4902,5;57045;193,1753
973;4907,5;57040;193,1717
975;4917,5;57030;193,1669
976;4922,5;57025;193,1572
977;4927,5;57020;193,1454
979;4937,5;57010;193,1325
980;4942,5;57005;193,1407
982;4952,5;56995;193,1322
983;4957,5;56990;193,1230
1002;5052,5;56895;193,0072
1003;5057,5;56890;192,9811
1004;5062,5;56885;192,9395
1005;5067,5;56880;192,9221
1006;5072,5;56875;192,9114
1007;5077,5;56870;192,9117
1008;5082,5;56865;192,8886
1009;5087,5;56860;192,8835
1010;5092,5;56855;192,8863
1011;5097,5;56850;192,9056
1012;5102,5;56845;192,9340
1013;5107,5;56840;192,9595
1014;5112,5;56835;192,9579
1016;5122,5;56825;192,9531
1018;5132,5;56815;192,9461
1019;5137,5;56810;192,9390
1021;5147,5;56800;192,9130
1022;5152,5;56795;192,8999
1023;5157,5;56790;192,8799
1024;5162,5;56785;192,8758
1025;5167,5;56780;192,8625
1026;5172,5;56775;192,8702
1027;5177,5;56770;192,8641
1028;5182,5;56765;192,8777
1029;5187,5;56760;192,8765
1031;5197,5;56750;192,8731
1033;5207,5;56740;192,8578
1035;5217,5;56730;192,8591
1037;5227,5;56720;192,8632
1039;5237,5;56710;192,8512
1041;5247,5;56700;192,8376
1044;5262,5;56685;192,8383
1046;5272,5;56675;192,8495
1048;5282,5;56665;192,8317
1050;5292,5;56655;192,8273
1052;5302,5;56645;192,8359
1054;5312,5;56635;192,8299
1056;5322,5;56625;192,8431
1057;5327,5;56620;192,8220
1060;5342,5;56605;192,8215
1062;5352,5;56595;192,8310
1063;5357,5;56590;192,8259
1065;5367,5;56580;192,7992
1067;5377,5;56570;192,8144
1069;5387,5;56560;192,8114
1071;5397,5;56550;192,8028
1073;5407,5;56540;192,7978
1075;5417,5;56530;192,8002
1077;5427,5;56520;192,8011
1079;5437,5;56510;192,7902
1081;5447,5;56500;192,7950
1082;5452,5;56495;192,8037
1084;5462,5;56485;192,7650
1086;5472,5;56475;192,6276
1102;5552,5;56395;192,8037
1104;5562,5;56385;192,7930
1105;5567,5;56380;192,7930
1107;5577,5;56370;192,7880
1109;5587,5;56360;192,7790
1111;5597,5;56350;192,7646
1113;5607,5;56340;192,7432
1115;5617,5;56330;192,7438
1117;5627,5;56320;192,7201
1119;5637,5;56310;192,7213
1121;5647,5;56300;192,7159
1123;5657,5;56290;192,7016
1125;5667,5;56280;192,6961
1127;5677,5;56270;192,6999
1129;5687,5;56260;192,6882
1131;5697,5;56250;192,6755
1133;5707,5;56240;192,6714
1135;5717,5;56230;192,6653
1137;5727,5;56220;192,6563
1139;5737,5;56210;192,6574
1141;5747,5;56200;192,6520
1143;5757,5;56190;192,6659
1145;5767,5;56180;192,6438
1147;5777,5;56170;192,6475
1150;5792,5;56155;192,6585
1151;5797,5;56150;192,6500
1153;5807,5;56140;192,6512
1155;5817,5;56130;192,6495
1157;5827,5;56120;192,6374
1159;5837,5;56110;192,6459
1161;5847,5;56100;192,6629
1163;5857,5;56090;192,6352
1165;5867,5;56080;192,6221
1167;5877,5;56070;192,6238
1169;5887,5;56060;192,6232
1171;5897,5;56050;192,6175
1173;5907,5;56040;192,6064
1174;5912,5;56035;192,6099
1176;5922,5;56025;192,6068
1178;5932,5;56015;192,6052
1180;5942,5;56005;192,6022
1182;5952,5;55995;192,5978
1184;5962,5;55985;192,6091
1186;5972,5;55975;192,5997
1188;5982,5;55965;192,6021
1189;5987,5;55960;192,6105
1191;5997,5;55950;192,5958
1193;6007,5;55940;192,5964
1195;6017,5;55930;192,5901
1197;6027,5;55920;192,5893
1199;6037,5;55910;192,5957
1200;6042,5;55905;192,5910
1202;6052,5;55895;192,5841
1204;6062,5;55885;192,5876
1206;6072,5;55875;192,5748
1208;6082,5;55865;192,5773
1209;6087,5;55860;192,5749
1211;6097,5;55850;192,5749
1213;6107,5;55840;192,5718
1215;6117,5;55830;192,5555
1217;6127,5;55820;192,5503
1219;6137,5;55810;192,5409
1220;6142,5;55805;192,5573
1222;6152,5;55795;192,5531
1224;6162,5;55785;192,5124
1226;6172,5;55775;192,4995
1228;6182,5;55765;192,5128
1230;6192,5;55755;192,5270
1231;6197,5;55750;192,5178
1233;6207,5;55740;192,5151
1235;6217,5;55730;192,5076
1237;6227,5;55720;192,6216
1238;6232,5;55715;192,6153
1240;6242,5;55705;192,6134
1242;6252,5;55695;192,6445
1244;6262,5;55685;192,6569
1245;6267,5;55680;192,6542
1247;6277,5;55670;192,6622
1249;6287,5;55660;192,6550
1251;6297,5;55650;192,6489
1252;6302,5;55645;192,6510
1254;6312,5;55635;192,6242
1256;6322,5;55625;192,6218
1257;6327,5;55620;192,5940
1259;6337,5;55610;192,5959
1261;6347,5;55600;192,6073
1262;6352,5;55595;192,6150
1264;6362,5;55585;192,5996
1266;6372,5;55575;192,6047
1267;6377,5;55570;192,5975
1269;6387,5;55560;192,6047
1271;6397,5;55550;192,6153
1272;6402,5;55545;192,5890
1274;6412,5;55535;192,5942
1276;6422,5;55525;192,5953
1277;6427,5;55520;192,5783
1279;6437,5;55510;192,5857
1281;6447,5;55500;192,5817
1282;6452,5;55495;192,5830
1284;6462,5;55485;192,5893
1286;6472,5;55475;192,5684
1288;6482,5;55465;192,5839
1289;6487,5;55460;192,5916
1291;6497,5;55450;192,5880
1293;6507,5;55440;192,6034
1295;6517,5;55430;192,5840
1296;6522,5;55425;192,5671
1298;6532,5;55415;192,5591
1300;6542,5;55405;192,5735
1301;6547,5;55400;192,5525
1303;6557,5;55390;192,5559
1305;6567,5;55380;192,5593
1306;6572,5;55375;192,5520
1308;6582,5;55365;192,5412
1310;6592,5;55355;192,5317
1311;6597,5;55350;192,5225
1313;6607,5;55340;192,5260
1315;6617,5;55330;192,5213
1316;6622,5;55325;192,5138
1318;6632,5;55315;192,5048
1320;6642,5;55305;192,5007
1321;6647,5;55300;192,5036
1322;6652,5;55295;192,5016
1323;6657,5;55290;192,4910
1324;6662,5;55285;192,4866
1325;6667,5;55280;192,4752
1326;6672,5;55275;192,4729
1327;6677,5;55270;192,4788
1328;6682,5;55265;192,4721
1329;6687,5;55260;192,4612
1330;6692,5;55255;192,4682
1331;6697,5;55250;192,4610
1333;6707,5;55240;192,4517
1335;6717,5;55230;192,4332
1337;6727,5;55220;192,4370
1339;6737,5;55210;192,4295
1341;6747,5;55200;192,4368
1343;6757,5;55190;192,4198
1345;6767,5;55180;192,4039
1347;6777,5;55170;192,3921
1349;6787,5;55160;192,3842
1351;6797,5;55150;192,3947
1352;6802,5;55145;192,3832
1354;6812,5;55135;192,3709
1356;6822,5;55125;192,3578
1358;6832,5;55115;192,3626
1360;6842,5;55105;192,3475
1362;6852,5;55095;192,3238
1364;6862,5;55085;192,3161
1366;6872,5;55075;192,3201
1368;6882,5;55065;192,3091
1370;6892,5;55055;192,2941
1372;6902,5;55045;192,3011
1374;6912,5;55035;192,2829
1376;6922,5;55025;192,2708
1378;6932,5;55015;192,2534
1380;6942,5;55005;192,2911
1382;6952,5;54995;192,2794
1384;6962,5;54985;192,2672
1385;6967,5;54980;192,2501
1387;6977,5;54970;192,2420
1389;6987,5;54960;192,2325
1391;6997,5;54950;192,2311
1393;7007,5;54940;192,2221
1396;7022,5;54925;192,2199
1397;7027,5;54920;192,2269
1399;7037,5;54910;192,2265
1401;7047,5;54900;192,1982
1403;7057,5;54890;192,1936
1405;7067,5;54880;192,2024
1407;7077,5;54870;192,1934
1409;7087,5;54860;192,1963
1411;7097,5;54850;192,1863
1413;7107,5;54840;192,1710
1415;7117,5;54830;192,1757
1417;7127,5;54820;192,1801
1419;7137,5;54810;192,1820
1420;7142,5;54805;192,1813
1422;7152,5;54795;192,1790
1424;7162,5;54785;192,1827
1426;7172,5;54775;192,1773
1428;7182,5;54765;192,1760
1430;7192,5;54755;192,1904
1432;7202,5;54745;192,1790
1434;7212,5;54735;192,1780
1435;7217,5;54730;192,1798
1437;7227,5;54720;192,1759
1439;7237,5;54710;192,1823
1440;7242,5;54705;192,1737
1442;7252,5;54695;192,1723
1444;7262,5;54685;192,1644
1446;7272,5;54675;192,1941
1447;7277,5;54670;192,1928
1449;7287,5;54660;192,1893
1451;7297,5;54650;192,1758
1453;7307,5;54640;192,1826
1455;7317,5;54630;192,1862
1456;7322,5;54625;192,1739
1458;7332,5;54615;192,1771
1460;7342,5;54605;192,1732
1462;7352,5;54595;192,1722
1464;7362,5;54585;192,1690
1466;7372,5;54575;192,1723
1468;7382,5;54565;192,1670
1469;7387,5;54560;192,1691
1471;7397,5;54550;192,1555
1473;7407,5;54540;192,1436
1475;7417,5;54530;192,1565
1477;7427,5;54520;192,1317
1479;7437,5;54510;192,1179
1481;7447,5;54500;192,1189
1482;7452,5;54495;192,1067
1484;7462,5;54485;192,0806
1486;7472,5;54475;192,1033
1488;7482,5;54465;192,0707
1490;7492,5;54455;192,0667
1492;7502,5;54445;191,9981
1494;7512,5;54435;192,0274
1496;7522,5;54425;192,0307
1498;7532,5;54415;192,0270
1500;7542,5;54405;192,0156
1502;7552,5;54395;192,0159
1504;7562,5;54385;191,9704
1506;7572,5;54375;192,0190
1508;7582,5;54365;192,0048
1510;7592,5;54355;191,9933
1512;7602,5;54345;191,9804
1514;7612,5;54335;191,9787
1516;7622,5;54325;191,9750
1518;7632,5;54315;191,9527
1520;7642,5;54305;191,9609
1522;7652,5;54295;191,9473
1525;7667,5;54280;191,9415
1527;7677,5;54270;191,9312
1529;7687,5;54260;191,9202
1531;7697,5;54250;191,9100
1533;7707,5;54240;191,9011
1535;7717,5;54230;191,8931
1537;7727,5;54220;191,8904
1539;7737,5;54210;191,8692
1541;7747,5;54200;191,8496
1544;7762,5;54185;191,8500
1546;7772,5;54175;191,8394
1548;7782,5;54165;191,8356
1550;7792,5;54155;191,8192
1552;7802,5;54145;191,8231
1553;7807,5;54140;191,8225
1555;7817,5;54130;191,8200
1556;7822,5;54125;191,8034
1558;7832,5;54115;191,8095
1559;7837,5;54110;191,8052
1560;7842,5;54105;191,7955
1562;7852,5;54095;191,7796
1564;7862,5;54085;191,7659
1565;7867,5;54080;191,7825
1567;7877,5;54070;191,7760
1569;7887,5;54060;191,7551
1571;7897,5;54050;191,7578
1573;7907,5;54040;191,7665
1575;7917,5;54030;191,7784
1577;7927,5;54020;191,7677
1579;7937,5;54010;191,7547
1580;7942,5;54005;191,7631
1582;7952,5;53995;191,7741
1584;7962,5;53985;191,7502
1586;7972,5;53975;191,7526
1588;7982,5;53965;191,7698
1590;7992,5;53955;191,7911
1592;8002,5;53945;191,7733
1594;8012,5;53935;191,7533
1595;8017,5;53930;191,7494
1597;8027,5;53920;191,7340
1599;8037,5;53910;191,7343
1601;8047,5;53900;191,7338
1603;8057,5;53890;191,7378
1604;8062,5;53885;191,7324
1606;8072,5;53875;191,7218
1608;8082,5;53865;191,7321
1610;8092,5;53855;191,7158
1612;8102,5;53845;191,7255
1614;8112,5;53835;191,7361
1616;8122,5;53825;191,7178
1618;8132,5;53815;191,7067
1620;8142,5;53805;191,7159
1622;8152,5;53795;191,7108
1624;8162,5;53785;191,7076
1626;8172,5;53775;191,6989
1628;8182,5;53765;191,6886
1630;8192,5;53755;191,6861
1632;8202,5;53745;191,6762
1634;8212,5;53735;191,6503
1637;8227,5;53720;191,6086
1639;8237,5;53710;191,5972
1641;8247,5;53700;191,6110
1643;8257,5;53690;191,6080
1646;8272,5;53675;191,6127
1648;8282,5;53665;191,6050
1650;8292,5;53655;191,5914
1652;8302,5;53645;191,5907
1654;8312,5;53635;191,5824
1656;8322,5;53625;191,5368
1659;8337,5;53610;191,5048
1661;8347,5;53600;191,4623
1663;8357,5;53590;191,4999
1666;8372,5;53575;191,5144
1668;8382,5;53565;191,5109
1670;8392,5;53555;191,5043
1672;8402,5;53545;191,4977
1675;8417,5;53530;191,4988
1677;8427,5;53520;191,4892
1679;8437,5;53510;191,4874
1681;8447,5;53500;191,4976
1683;8457,5;53490;191,4967
1685;8467,5;53480;191,4893
1688;8482,5;53465;191,4828
1690;8492,5;53455;191,4893
1692;8502,5;53445;191,4789
1694;8512,5;53435;191,4732
1696;8522,5;53425;191,4730
1698;8532,5;53415;191,4727
1700;8542,5;53405;191,4683
1702;8552,5;53395;191,4636
1704;8562,5;53385;191,4792
1706;8572,5;53375;191,4743
1708;8582,5;53365;191,4668
1710;8592,5;53355;191,4662
1712;8602,5;53345;191,4622
1714;8612,5;53335;191,4931
1716;8622,5;53325;191,4955
1718;8632,5;53315;191,4742
1720;8642,5;53305;191,4883
1722;8652,5;53295;191,4760
1723;8657,5;53290;191,4843
1725;8667,5;53280;191,4685
1727;8677,5;53270;191,4611
1729;8687,5;53260;191,4669
1731;8697,5;53250;191,4663
1733;8707,5;53240;191,4658
1734;8712,5;53235;191,4552
1736;8722,5;53225;191,4466
1738;8732,5;53215;191,4601
1740;8742,5;53205;191,4621
1742;8752,5;53195;191,4633
1744;8762,5;53185;191,4568
1745;8767,5;53180;191,4431
1747;8777,5;53170;191,4504
1749;8787,5;53160;191,4655
1751;8797,5;53150;191,4587
1753;8807,5;53140;191,4495
1754;8812,5;53135;191,4532
1756;8822,5;53125;191,4423
1758;8832,5;53115;191,4470
1760;8842,5;53105;191,4728
1762;8852,5;53095;191,4259
1764;8862,5;53085;191,4349
1765;8867,5;53080;191,4437
1767;8877,5;53070;191,4412
1769;8887,5;53060;191,4458
1771;8897,5;53050;191,4383
1773;8907,5;53040;191,4395
1774;8912,5;53035;191,4458
1776;8922,5;53025;191,4403
1778;8932,5;53015;191,4406
1780;8942,5;53005;191,4344
1782;8952,5;52995;191,4336
1784;8962,5;52985;191,4344
1786;8972,5;52975;191,4341
1787;8977,5;52970;191,4248
1789;8987,5;52960;191,4289
1791;8997,5;52950;191,4253
1793;9007,5;52940;191,4200
1795;9017,5;52930;191,4227
1797;9027,5;52920;191,4417
1798;9032,5;52915;191,4432
1800;9042,5;52905;191,4335
1802;9052,5;52895;191,4279
1804;9062,5;52885;191,4162
1806;9072,5;52875;191,4187
1808;9082,5;52865;191,4135
1810;9092,5;52855;191,4311
1811;9097,5;52850;191,4181
1813;9107,5;52840;191,4300
1815;9117,5;52830;191,4146
1817;9127,5;52820;191,4081
1819;9137,5;52810;191,4218
1820;9142,5;52805;191,4107
1822;9152,5;52795;191,4139
1824;9162,5;52785;191,4119
1826;9172,5;52775;191,4025
1828;9182,5;52765;191,4067
1829;9187,5;52760;191,4016
1831;9197,5;52750;191,4351
1833;9207,5;52740;191,4069
1835;9217,5;52730;191,3963
1837;9227,5;52720;191,4012
1838;9232,5;52715;191,3995
1840;9242,5;52705;191,4078
1842;9252,5;52695;191,4012
1844;9262,5;52685;191,4075
1846;9272,5;52675;191,4026
1847;9277,5;52670;191,3834
1849;9287,5;52660;191,3909
1851;9297,5;52650;191,4210
1853;9307,5;52640;191,3966
1854;9312,5;52635;191,4120
1856;9322,5;52625;191,3978
1858;9332,5;52615;191,3778
1860;9342,5;52605;191,3918
1862;9352,5;52595;191,3840
1864;9362,5;52585;191,3815
1866;9372,5;52575;191,3897
1868;9382,5;52565;191,3967
1870;9392,5;52555;191,3717
1872;9402,5;52545;191,3765
1874;9412,5;52535;191,3864
1876;9422,5;52525;191,3580
1878;9432,5;52515;191,3511
1880;9442,5;52505;191,3513
1881;9447,5;52500;191,3491
1883;9457,5;52490;191,3638
1885;9467,5;52480;191,3516
1887;9477,5;52470;191,3517
1889;9487,5;52460;191,3458
1891;9497,5;52450;191,3661
1893;9507,5;52440;191,3842
1895;9517,5;52430;191,3713
1897;9527,5;52420;191,3461
1898;9532,5;52415;191,3550
1900;9542,5;52405;191,3441
1902;9552,5;52395;191,3374
1904;9562,5;52385;191,3522
1906;9572,5;52375;191,3485
1907;9577,5;52370;191,3441
1909;9587,5;52360;191,3446
1911;9597,5;52350;191,3483
1913;9607,5;52340;191,3424
1915;9617,5;52330;191,3325
1917;9627,5;52320;191,3437
1919;9637,5;52310;191,3481
1920;9642,5;52305;191,3444
1922;9652,5;52295;191,3310
1924;9662,5;52285;191,3325
1926;9672,5;52275;191,3281
1928;9682,5;52265;191,3243
1930;9692,5;52255;191,3254
1932;9702,5;52245;191,3231
1933;9707,5;52240;191,3269
1935;9717,5;52230;191,3222
1937;9727,5;52220;191,3251
1939;9737,5;52210;191,3243
1941;9747,5;52200;191,3247
1943;9757,5;52190;191,3214
1945;9767,5;52180;191,3227
1946;9772,5;52175;191,3150
1948;9782,5;52165;191,3298
1950;9792,5;52155;191,3253
1952;9802,5;52145;191,3113
1954;9812,5;52135;191,3198
1955;9817,5;52130;191,3278
1957;9827,5;52120;191,3243
1959;9837,5;52110;191,3118
1961;9847,5;52100;191,3141
1962;9852,5;52095;191,3130
1964;9862,5;52085;191,3035
1966;9872,5;52075;191,3025
1968;9882,5;52065;191,3047
1969;9887,5;52060;191,3009
1971;9897,5;52050;191,3036
1973;9907,5;52040;191,2957
1975;9917,5;52030;191,2845
1976;9922,5;52025;191,2921
1978;9932,5;52015;191,2930
1980;9942,5;52005;191,2780
1981;9947,5;52000;191,2853
1983;9957,5;51990;191,2787
1984;9962,5;51985;191,2681
1986;9972,5;51975;191,2615
1988;9982,5;51965;191,2719
1989;9987,5;51960;191,2591
1991;9997,5;51950;191,2282
1993;10007,5;51940;191,2610
1995;10017,5;51930;191,2646
1999;10037,5;51910;191,2086
2001;10047,5;51900;191,1944
2003;10057,5;51890;191,1830
2006;10072,5;51875;191,1708
2008;10082,5;51865;191,1786
2010;10092,5;51855;191,1643
2012;10102,5;51845;191,1560
2014;10112,5;51835;191,1408
2016;10122,5;51825;191,1136
2018;10132,5;51815;191,1168
2020;10142,5;51805;191,1085
2022;10152,5;51795;191,0837
2024;10162,5;51785;191,0635
2026;10172,5;51775;191,0724
2028;10182,5;51765;191,0541
2029;10187,5;51760;191,0967
2031;10197,5;51750;191,0678
2033;10207,5;51740;191,0434
2035;10217,5;51730;191,0088
2041;10247,5;51700;190,9924
2043;10257,5;51690;191,0136
2045;10267,5;51680;190,9945
2047;10277,5;51670;190,9871
2049;10287,5;51660;190,9995
2052;10302,5;51645;190,9968
2054;10312,5;51635;190,9975
2056;10322,5;51625;191,0277
2059;10337,5;51610;190,9831
2061;10347,5;51600;190,9998
2063;10357,5;51590;191,0066
2066;10372,5;51575;190,9841
2068;10382,5;51565;190,9867
2070;10392,5;51555;190,9874
2072;10402,5;51545;191,0199
2076;10422,5;51525;191,0276
2078;10432,5;51515;190,9916
2080;10442,5;51505;190,9782
2082;10452,5;51495;191,0135
2084;10462,5;51485;190,9658
2086;10472,5;51475;190,9848
2090;10492,5;51455;190,9932
2092;10502,5;51445;190,9740
2094;10512,5;51435;191,0117
2096;10522,5;51425;190,9698
2098;10532,5;51415;190,9570
2100;10542,5;51405;190,9427
2102;10552,5;51395;190,9578
2104;10562,5;51385;190,9394
2106;10572,5;51375;190,9585
2108;10582,5;51365;190,9630
2110;10592,5;51355;190,9829
2112;10602,5;51345;190,9371
2114;10612,5;51335;190,9412
2116;10622,5;51325;190,9371
2118;10632,5;51315;190,9208
2120;10642,5;51305;190,9378
2122;10652,5;51295;190,9464
2124;10662,5;51285;190,9352
2125;10667,5;51280;190,9251
2127;10677,5;51270;190,9210
2129;10687,5;51260;190,9128
2131;10697,5;51250;190,9211
2132;10702,5;51245;190,9091
2133;10707,5;51240;190,9311
2135;10717,5;51230;190,9250
2136;10722,5;51225;190,9028
2138;10732,5;51215;190,9205
2139;10737,5;51210;190,8894
2140;10742,5;51205;190,9038
2142;10752,5;51195;190,8926
2144;10762,5;51185;190,8788
2146;10772,5;51175;190,8710
2148;10782,5;51165;190,8762
2150;10792,5;51155;190,8664
2151;10797,5;51150;190,8866
2153;10807,5;51140;190,8937
2155;10817,5;51130;190,9112
2157;10827,5;51120;190,8901
2159;10837,5;51110;190,9046
2161;10847,5;51100;190,9124
2163;10857,5;51090;190,9002
2165;10867,5;51080;190,8962
2167;10877,5;51070;190,9065
2169;10887,5;51060;190,9036
2171;10897,5;51050;190,9042
2173;10907,5;51040;190,8917
2175;10917,5;51030;190,8928
2178;10932,5;51015;190,8920
2180;10942,5;51005;190,9043
2182;10952,5;50995;190,9135
2184;10962,5;50985;190,9003
2186;10972,5;50975;190,8995
2188;10982,5;50965;190,8867
2192;11002,5;50945;190,9034
2194;11012,5;50935;190,8863
2198;11032,5;50915;190,8933
2200;11042,5;50905;190,9157
2202;11052,5;50895;190,8904
2204;11062,5;50885;190,8831
2206;11072,5;50875;190,8669
2210;11092,5;50855;190,8835
2212;11102,5;50845;190,9362
2214;11112,5;50835;190,8912
2216;11122,5;50825;190,8861
2218;11132,5;50815;190,8853
2220;11142,5;50805;190,8938
2222;11152,5;50795;190,9023
2224;11162,5;50785;190,9008
2228;11182,5;50765;190,8876
2230;11192,5;50755;190,8801
2232;11202,5;50745;190,8648
2234;11212,5;50735;190,8481
2236;11222,5;50725;190,8362
2238;11232,5;50715;190,8390
2240;11242,5;50705;190,8196
2242;11252,5;50695;190,7974
2245;11267,5;50680;190,7907
2247;11277,5;50670;190,7727
2249;11287,5;50660;190,7516
2251;11297,5;50650;190,7515
2254;11312,5;50635;190,7417
2256;11322,5;50625;190,7329
2258;11332,5;50615;190,7194
2260;11342,5;50605;190,7322
2262;11352,5;50595;190,7201
2265;11367,5;50580;190,7209
2267;11377,5;50570;190,7169
2269;11387,5;50560;190,7080
2271;11397,5;50550;190,7087
2273;11407,5;50540;190,7057
2275;11417,5;50530;190,6838
2278;11432,5;50515;190,6914
2280;11442,5;50505;190,6814
2282;11452,5;50495;190,6692
2284;11462,5;50485;190,6505
2286;11472,5;50475;190,6868
2289;11487,5;50460;190,6455
2291;11497,5;50450;190,6536
2293;11507,5;50440;190,6436
2295;11517,5;50430;190,6449
2297;11527,5;50420;190,6170
2300;11542,5;50405;190,6271
2302;11552,5;50395;190,6044
2304;11562,5;50385;190,6057
2306;11572,5;50375;190,6079
2309;11587,5;50360;190,5998
2311;11597,5;50350;190,5888
2313;11607,5;50340;190,5929
2315;11617,5;50330;190,5871
2318;11632,5;50315;190,5615
2320;11642,5;50305;190,5801
2322;11652,5;50295;190,5728
2325;11667,5;50280;190,5482
2327;11677,5;50270;190,5512
2329;11687,5;50260;190,5685
2332;11702,5;50245;190,5412
2334;11712,5;50235;190,5361
2336;11722,5;50225;190,5302
2338;11732,5;50215;190,5360
2340;11742,5;50205;190,5408
2342;11752,5;50195;190,5239
2345;11767,5;50180;190,5141
2347;11777,5;50170;190,5136
2349;11787,5;50160;190,5151
2351;11797,5;50150;190,5106
2354;11812,5;50135;190,4947
2356;11822,5;50125;190,4940
2358;11832,5;50115;190,4790
2360;11842,5;50105;190,4872
2363;11857,5;50090;190,4927
2365;11867,5;50080;190,4616
2367;11877,5;50070;190,4568
2370;11892,5;50055;190,4514
2372;11902,5;50045;190,4539
2374;11912,5;50035;190,4344
2377;11927,5;50020;190,4349
2379;11937,5;50010;190,4297
2381;11947,5;50000;190,4235
2383;11957,5;49990;190,4302
2386;11972,5;49975;190,4348
2388;11982,5;49965;190,3858
2390;11992,5;49955;190,4178
2393;12007,5;49940;190,4192
2395;12017,5;49930;190,4044
2397;12027,5;49920;190,3982
2399;12037,5;49910;190,4059
2402;12052,5;49895;190,3985
2404;12062,5;49885;190,4141
2413;12107,5;49840;190,3807
2415;12117,5;49830;190,3694
2418;12132,5;49815;190,3747
2422;12152,5;49795;190,3866
2424;12162,5;49785;190,3951
2426;12172,5;49775;190,3717
2428;12182,5;49765;190,3479
2437;12227,5;49720;190,3728
2439;12237,5;49710;190,3731
2441;12247,5;49700;190,3740
2443;12257,5;49690;190,3632
2445;12267,5;49680;190,3372
2447;12277,5;49670;190,3751
2450;12292,5;49655;190,4303
2452;12302,5;49645;190,3501
2454;12312,5;49635;190,2952
2456;12322,5;49625;190,3652
2458;12332,5;49615;190,3711
2460;12342,5;49605;190,4277
2462;12352,5;49595;190,3872
2464;12362,5;49585;190,4006
2466;12372,5;49575;190,3976
2468;12382,5;49565;190,3862
2470;12392,5;49555;190,3880
2472;12402,5;49545;190,3928
2474;12412,5;49535;190,3683
2477;12427,5;49520;190,3832
2479;12437,5;49510;190,3876
2481;12447,5;49500;190,3882
2483;12457,5;49490;190,4014
2485;12467,5;49480;190,3521
2487;12477,5;49470;190,3568
2491;12497,5;49450;190,3676
2493;12507,5;49440;190,3718
2495;12517,5;49430;190,3509
2497;12527,5;49420;190,3564
2500;12542,5;49405;190,3347
2502;12552,5;49395;190,3516
2504;12562,5;49385;190,3404
2508;12582,5;49365;190,3258
2511;12597,5;49350;190,3318
2513;12607,5;49340;190,2970
2515;12617,5;49330;190,2753
2517;12627,5;49320;190,2607
2519;12637,5;49310;190,2511
2522;12652,5;49295;190,2778
2524;12662,5;49285;190,2424
2527;12677,5;49270;190,2442
2529;12687,5;49260;190,1818
2532;12702,5;49245;190,2360
2550;12792,5;49155;190,1387
2552;12802,5;49145;190,1387
2555;12817,5;49130;190,1236
2558;12832,5;49115;190,1011
2560;12842,5;49105;190,2227
2566;12872,5;49075;190,0970
2568;12882,5;49065;190,0672
2571;12897,5;49050;190,0962
2574;12912,5;49035;190,1438
2576;12922,5;49025;190,1009
2578;12932,5;49015;190,1643
2581;12947,5;49000;190,1207
2583;12957,5;48990;190,0887
2586;12972,5;48975;190,0909
2588;12982,5;48965;190,0947
2591;12997,5;48950;190,0976
2593;13007,5;48940;190,0770
2596;13022,5;48925;190,0482
2598;13032,5;48915;190,0058
2600;13042,5;48905;190,0405
2605;13067,5;48880;190,0276
2608;13082,5;48865;190,0273
2610;13092,5;48855;190,0821
2613;13107,5;48840;189,9820
2615;13117,5;48830;189,9758
2618;13132,5;48815;189,9704
2620;13142,5;48805;189,9496
2623;13157,5;48790;189,9156
2625;13167,5;48780;189,8990
2627;13177,5;48770;189,9096
2630;13192,5;48755;189,8991
2632;13202,5;48745;189,8991
2635;13217,5;48730;189,8794
2637;13227,5;48720;189,8734
2640;13242,5;48705;189,8613
2642;13252,5;48695;189,8689
2645;13267,5;48680;189,8626
2647;13277,5;48670;189,8437
2649;13287,5;48660;189,8554
2652;13302,5;48645;189,8371
2654;13312,5;48635;189,8426
2657;13327,5;48620;189,8307
2659;13337,5;48610;189,8356
2661;13347,5;48600;189,8183
2663;13357,5;48590;189,8127
2666;13372,5;48575;189,8069
2668;13382,5;48565;189,7982
2670;13392,5;48555;189,7898
2672;13402,5;48545;189,7849
2674;13412,5;48535;189,7763
2677;13427,5;48520;189,7788
2679;13437,5;48510;189,7846
2681;13447,5;48500;189,7849
2684;13462,5;48485;189,7795
2686;13472,5;48475;189,7947
2688;13482,5;48465;189,7900
2691;13497,5;48450;189,7858
2693;13507,5;48440;189,7889
2695;13517,5;48430;189,7804
2698;13532,5;48415;189,7826
2700;13542,5;48405;189,7779
2702;13552,5;48395;189,7841
2705;13567,5;48380;189,7731
2707;13577,5;48370;189,7651
2710;13592,5;48355;189,7753
2712;13602,5;48345;189,7739
2714;13612,5;48335;189,7596
2719;13637,5;48310;189,7752
2721;13647,5;48300;189,7830
2725;13667,5;48280;189,7622
2727;13677,5;48270;189,7723
2730;13692,5;48255;189,7705
2732;13702,5;48245;189,7716
2734;13712,5;48235;189,7668
2736;13722,5;48225;189,7654
2738;13732,5;48215;189,7693
2740;13742,5;48205;189,7724
2742;13752,5;48195;189,7712
2744;13762,5;48185;189,7789
2746;13772,5;48175;189,7830
2748;13782,5;48165;189,7822
2750;13792,5;48155;189,7641
2753;13807,5;48140;189,7313
2755;13817,5;48130;189,7131
2757;13827,5;48120;189,6915
2759;13837,5;48110;189,6824
2761;13847,5;48100;189,6840
2770;13892,5;48055;189,6838
2772;13902,5;48045;189,6939
2775;13917,5;48030;189,7036
2777;13927,5;48020;189,6859
2779;13937,5;48010;189,6855
2782;13952,5;47995;189,7308
2784;13962,5;47985;189,7295
2786;13972,5;47975;189,7276
2788;13982,5;47965;189,6992
2790;13992,5;47955;189,6819
2793;14007,5;47940;189,6893
2795;14017,5;47930;189,6940
2797;14027,5;47920;189,6978
2799;14037,5;47910;189,7024
2801;14047,5;47900;189,6935
2803;14057,5;47890;189,7044
2805;14067,5;47880;189,7436
2810;14092,5;47855;189,7280
2812;14102,5;47845;189,7007
2814;14112,5;47835;189,7214
2816;14122,5;47825;189,7480
2818;14132,5;47815;189,7128
2820;14142,5;47805;189,7400
2823;14157,5;47790;189,7480
2825;14167,5;47780;189,6788
2827;14177,5;47770;189,6776
2829;14187,5;47760;189,7006
2831;14197,5;47750;189,6987
2833;14207,5;47740;189,6927
2836;14222,5;47725;189,6971
2838;14232,5;47715;189,6919
2840;14242,5;47705;189,6918
2885;14467,5;47480;189,6192
2887;14477,5;47470;189,6008
2894;14512,5;47435;189,6244
2896;14522,5;47425;189,6203
2898;14532,5;47415;189,6205
2900;14542,5;47405;189,6215
2902;14552,5;47395;189,6146
2904;14562,5;47385;189,6244
2906;14572,5;47375;189,6159
2908;14582,5;47365;189,6213
2910;14592,5;47355;189,6420
2912;14602,5;47345;189,6115
2913;14607,5;47340;189,5969
2919;14637,5;47310;189,5988
2921;14647,5;47300;189,5920
2923;14657,5;47290;189,5987
2925;14667,5;47280;189,5992
2954;14812,5;47135;189,5598
2956;14822,5;47125;189,5514
2972;14902,5;47045;189,5259
2974;14912,5;47035;189,5417
2976;14922,5;47025;189,5280
2978;14932,5;47015;189,5351
2980;14942,5;47005;189,5177
2982;14952,5;46995;189,5497
2987;14977,5;46970;189,4975
2989;14987,5;46960;189,4914
3032;15202,5;46745;189,4315
3034;15212,5;46735;189,4370
3036;15222,5;46725;189,4188
3050;15292,5;46655;189,4053
3052;15302,5;46645;189,4143
3071;15397,5;46550;189,3748
3073;15407,5;46540;189,3603
3075;15417,5;46530;189,3670
3077;15427,5;46520;189,3580
3091;15497,5;46450;189,3581
3093;15507,5;46440;189,3562
3095;15517,5;46430;189,3323
3107;15577,5;46370;189,3368
3109;15587,5;46360;189,3411
3129;15687,5;46260;189,2793
3131;15697,5;46250;189,2768
3137;15727,5;46220;189,2959
3138;15732,5;46215;189,2604
3140;15742,5;46205;189,2592
3142;15752,5;46195;189,2379
3197;16027,5;45920;189,2516
3198;16032,5;45915;189,2699
3202;16052,5;45895;189,2308
3203;16057,5;45890;189,2639
3205;16067,5;45880;189,2301
3206;16072,5;45875;189,2028
3217;16127,5;45820;189,2280
3219;16137,5;45810;189,2772
3229;16187,5;45760;189,1967
3231;16197,5;45750;189,2188
3232;16202,5;45745;189,1715
3234;16212,5;45735;189,1808
3238;16232,5;45715;189,1708
3240;16242,5;45705;189,1817
3241;16247,5;45700;189,1954
3254;16312,5;45635;189,1627
3259;16337,5;45610;189,2127
3267;16377,5;45570;189,1805
3284;16462,5;45485;189,1749
3286;16472,5;45475;189,1550
3288;16482,5;45465;189,1752
3289;16487,5;45460;189,1630
3291;16497,5;45450;189,1676
3293;16507,5;45440;189,1848
3295;16517,5;45430;189,1583
3297;16527,5;45420;189,1482
3305;16567,5;45380;189,1408
3307;16577,5;45370;189,1373
3309;16587,5;45360;189,1159
3311;16597,5;45350;189,0875
3313;16607,5;45340;189,1472
3315;16617,5;45330;189,1124
3317;16627,5;45320;189,1197
3320;16642,5;45305;189,1032
3322;16652,5;45295;189,0972
3324;16662,5;45285;189,0788
3326;16672,5;45275;189,0950
3329;16687,5;45260;189,0772
3331;16697,5;45250;189,0662
3333;16707,5;45240;189,0793
3335;16717,5;45230;189,0694
3337;16727,5;45220;189,0633
3340;16742,5;45205;189,0722
3342;16752,5;45195;189,0494
3344;16762,5;45185;189,0497
3346;16772,5;45175;189,0605
3348;16782,5;45165;189,0740
3350;16792,5;45155;189,0500
3352;16802,5;45145;189,0503
3354;16812,5;45135;189,0255
3356;16822,5;45125;189,0448
3358;16832,5;45115;189,0530
3360;16842,5;45105;189,0480
3362;16852,5;45095;189,0470
3365;16867,5;45080;189,0675
3367;16877,5;45070;189,0509
3369;16887,5;45060;189,0472
3372;16902,5;45045;189,0317
3374;16912,5;45035;189,0309
3376;16922,5;45025;189,0363
3381;16947,5;45000;189,0182
3383;16957,5;44990;188,9948
3385;16967,5;44980;188,9981
3388;16982,5;44965;188,9840
3390;16992,5;44955;188,9802
3392;17002,5;44945;188,9864
3395;17017,5;44930;188,9718
3397;17027,5;44920;188,9645
3399;17037,5;44910;188,9557
3402;17052,5;44895;188,9410
3404;17062,5;44885;188,9598
3406;17072,5;44875;188,9577
3411;17097,5;44850;188,9286
3413;17107,5;44840;188,9273
3417;17127,5;44820;188,9109
3419;17137,5;44810;188,9126
3421;17147,5;44800;188,9031
3423;17157,5;44790;188,8895
3425;17167,5;44780;188,8923
3428;17182,5;44765;188,8760
3430;17192,5;44755;188,8737
3432;17202,5;44745;188,8657
3435;17217,5;44730;188,8679
3437;17227,5;44720;188,8594
3439;17237,5;44710;188,8505
3442;17252,5;44695;188,8645
3444;17262,5;44685;188,8678
3446;17272,5;44675;188,8798
3449;17287,5;44660;188,8489
3451;17297,5;44650;188,8527
3453;17307,5;44640;188,8501
3455;17317,5;44630;188,8420
3457;17327,5;44620;188,8432
3459;17337,5;44610;188,8444
3462;17352,5;44595;188,8502
3464;17362,5;44585;188,8305
3466;17372,5;44575;188,8429
3468;17382,5;44565;188,8334
3470;17392,5;44555;188,8378
3472;17402,5;44545;188,8419
3474;17412,5;44535;188,8365
3476;17422,5;44525;188,8287
3478;17432,5;44515;188,8223
3480;17442,5;44505;188,8145
3483;17457,5;44490;188,8206
3485;17467,5;44480;188,8340
3487;17477,5;44470;188,8244
3489;17487,5;44460;188,8141
3491;17497,5;44450;188,8047
3493;17507,5;44440;188,8109
3495;17517,5;44430;188,8051
3497;17527,5;44420;188,7989
3500;17542,5;44405;188,7955
3502;17552,5;44395;188,8019
3504;17562,5;44385;188,8029
3506;17572,5;44375;188,8166
3508;17582,5;44365;188,7839
3510;17592,5;44355;188,7942
3512;17602,5;44345;188,8041
3514;17612,5;44335;188,8016
3516;17622,5;44325;188,8090
3518;17632,5;44315;188,7961
3520;17642,5;44305;188,8042
3522;17652,5;44295;188,7840
3523;17657,5;44290;188,8035
3525;17667,5;44280;188,7897
3527;17677,5;44270;188,7797
3528;17682,5;44265;188,7851
3530;17692,5;44255;188,7814
3533;17707,5;44240;188,7818
3535;17717,5;44230;188,7730
3536;17722,5;44225;188,7707
3538;17732,5;44215;188,7748
3539;17737,5;44210;188,7624
3541;17747,5;44200;188,7540
3543;17757,5;44190;188,7413
3544;17762,5;44185;188,7427
3546;17772,5;44175;188,7340
3548;17782,5;44165;188,7418
3550;17792,5;44155;188,7277
3551;17797,5;44150;188,7262
3553;17807,5;44140;188,7147
3555;17817,5;44130;188,7186
3556;17822,5;44125;188,6993
3558;17832,5;44115;188,7020
3560;17842,5;44105;188,6946
3562;17852,5;44095;188,6961
3564;17862,5;44085;188,6874
3566;17872,5;44075;188,6769
3568;17882,5;44065;188,6745
3571;17897,5;44050;188,6615
3573;17907,5;44040;188,6653
3575;17917,5;44030;188,6590
3577;17927,5;44020;188,6536
3579;17937,5;44010;188,6499
3581;17947,5;44000;188,6397
3584;17962,5;43985;188,6219
3586;17972,5;43975;188,6196
3588;17982,5;43965;188,6125
3591;17997,5;43950;188,6072
3593;18007,5;43940;188,6044
3595;18017,5;43930;188,5984
3597;18027,5;43920;188,5868
3600;18042,5;43905;188,5892
3602;18052,5;43895;188,5877
3604;18062,5;43885;188,5871
3606;18072,5;43875;188,5810
3609;18087,5;43860;188,5798
3611;18097,5;43850;188,5864
3613;18107,5;43840;188,5731
3615;18117,5;43830;188,5744
3617;18127,5;43820;188,6188
3619;18137,5;43810;188,5795
3622;18152,5;43795;188,5722
3624;18162,5;43785;188,5651
3626;18172,5;43775;188,5763
3628;18182,5;43765;188,5627
3630;18192,5;43755;188,5649
3632;18202,5;43745;188,5691
3634;18212,5;43735;188,5554
3636;18222,5;43725;188,5541
3638;18232,5;43715;188,5565
3640;18242,5;43705;188,5683
3642;18252,5;43695;188,5548
3644;18262,5;43685;188,5501
3646;18272,5;43675;188,5457
3649;18287,5;43660;188,5408
3651;18297,5;43650;188,5355
3653;18307,5;43640;188,5166
3655;18317,5;43630;188,5192
3660;18342,5;43605;188,5165
3662;18352,5;43595;188,5144
3665;18367,5;43580;188,5054
3667;18377,5;43570;188,4885
3669;18387,5;43560;188,4871
3671;18397,5;43550;188,4923
3674;18412,5;43535;188,4902
3676;18422,5;43525;188,4823
3678;18432,5;43515;188,4842
3681;18447,5;43500;188,4596
3683;18457,5;43490;188,4778
3685;18467,5;43480;188,4766
3687;18477,5;43470;188,4728
3690;18492,5;43455;188,4732
3692;18502,5;43445;188,4836
3694;18512,5;43435;188,4721
3696;18522,5;43425;188,4619
3698;18532,5;43415;188,4799
3700;18542,5;43405;188,4692
3703;18557,5;43390;188,4666
3705;18567,5;43380;188,4567
3707;18577,5;43370;188,4528
3709;18587,5;43360;188,4511
3711;18597,5;43350;188,4468
3714;18612,5;43335;188,4451
3716;18622,5;43325;188,4521
3718;18632,5;43315;188,4400
3720;18642,5;43305;188,4384
3722;18652,5;43295;188,4347
3725;18667,5;43280;188,4349
3727;18677,5;43270;188,4224
3729;18687,5;43260;188,4194
3731;18697,5;43250;188,4307
3734;18712,5;43235;188,4210
3736;18722,5;43225;188,4241
3738;18732,5;43215;188,4394
3740;18742,5;43205;188,4470
3743;18757,5;43190;188,4207
3745;18767,5;43180;188,4173
3747;18777,5;43170;188,4050
3749;18787,5;43160;188,4037
3751;18797,5;43150;188,4033
3754;18812,5;43135;188,3961
3756;18822,5;43125;188,3915
3758;18832,5;43115;188,3804
3760;18842,5;43105;188,3824
3762;18852,5;43095;188,3878
3765;18867,5;43080;188,3957
3767;18877,5;43070;188,3685
3769;18887,5;43060;188,3805
3771;18897,5;43050;188,3763
3774;18912,5;43035;188,3930
3776;18922,5;43025;188,3810
3778;18932,5;43015;188,3776
3780;18942,5;43005;188,3821
3783;18957,5;42990;188,3579
3785;18967,5;42980;188,3620
3787;18977,5;42970;188,3565
3790;18992,5;42955;188,3467
3792;19002,5;42945;188,3518
3794;19012,5;42935;188,3530
3796;19022,5;42925;188,3519
3798;19032,5;42915;188,3527
3800;19042,5;42905;188,3526
3803;19057,5;42890;188,3458
3805;19067,5;42880;188,3430
3807;19077,5;42870;188,3510
3809;19087,5;42860;188,3516
3811;19097,5;42850;188,3730
3813;19107,5;42840;188,3465
3815;19117,5;42830;188,3424
3817;19127,5;42820;188,3358
3819;19137,5;42810;188,3345
3821;19147,5;42800;188,3419
3823;19157,5;42790;188,3421
3825;19167,5;42780;188,3479
3827;19177,5;42770;188,3338
3829;19187,5;42760;188,3379
3831;19197,5;42750;188,3385
3834;19212,5;42735;188,3361
3836;19222,5;42725;188,3279
3838;19232,5;42715;188,3367
3842;19252,5;42695;188,3214
3844;19262,5;42685;188,3161
3846;19272,5;42675;188,3199
3848;19282,5;42665;188,3104
3850;19292,5;42655;188,3068
3853;19307,5;42640;188,3020
3855;19317,5;42630;188,3040
3857;19327,5;42620;188,3167
3859;19337,5;42610;188,3005
3861;19347,5;42600;188,3115
3863;19357,5;42590;188,3009
3865;19367,5;42580;188,3071
3867;19377,5;42570;188,3089
3869;19387,5;42560;188,3068
3871;19397,5;42550;188,3007
3873;19407,5;42540;188,2993
3876;19422,5;42525;188,3123
3878;19432,5;42515;188,3069
3880;19442,5;42505;188,2990
3882;19452,5;42495;188,2983
3884;19462,5;42485;188,2984
3886;19472,5;42475;188,2920
3888;19482,5;42465;188,2789
3890;19492,5;42455;188,2753
3892;19502,5;42445;188,2712
3894;19512,5;42435;188,2725
3896;19522,5;42425;188,2689
3898;19532,5;42415;188,2755
3900;19542,5;42405;188,2673
3902;19552,5;42395;188,2729
3904;19562,5;42385;188,2603
3906;19572,5;42375;188,2652
3908;19582,5;42365;188,2601
3910;19592,5;42355;188,2554
3912;19602,5;42345;188,2597
3914;19612,5;42335;188,2598
3916;19622,5;42325;188,2479
3918;19632,5;42315;188,2523
3925;19667,5;42280;188,2402
3927;19677,5;42270;188,2452
3929;19687,5;42260;188,2479
3931;19697,5;42250;188,2406
3933;19707,5;42240;188,2381
3935;19717,5;42230;188,2433
3937;19727,5;42220;188,2338
3939;19737,5;42210;188,2358
3941;19747,5;42200;188,2335
3943;19757,5;42190;188,2334
3945;19767,5;42180;188,2198
3947;19777,5;42170;188,2189
3948;19782,5;42165;188,2375
3950;19792,5;42155;188,2109
3952;19802,5;42145;188,2127
3953;19807,5;42140;188,2088
3955;19817,5;42130;188,2113
3957;19827,5;42120;188,2084
3958;19832,5;42115;188,1952
3960;19842,5;42105;188,2113
3962;19852,5;42095;188,1925
3963;19857,5;42090;188,2024
3965;19867,5;42080;188,2078
3967;19877,5;42070;188,1814
3969;19887,5;42060;188,1929
3971;19897,5;42050;188,2009
3973;19907,5;42040;188,1880
3975;19917,5;42030;188,1734
3977;19927,5;42020;188,1889
3979;19937,5;42010;188,1939
3981;19947,5;42000;188,1868
3983;19957,5;41990;188,1837
3985;19967,5;41980;188,1840
3987;19977,5;41970;188,1798
3989;19987,5;41960;188,1835
3991;19997,5;41950;188,1816
3993;20007,5;41940;188,1942
3995;20017,5;41930;188,1842
3997;20027,5;41920;188,1810
3999;20037,5;41910;188,1968
4001;20047,5;41900;188,1785
4003;20057,5;41890;188,1726
4005;20067,5;41880;188,1694
4007;20077,5;41870;188,1678
4009;20087,5;41860;188,1708
4011;20097,5;41850;188,1543
4013;20107,5;41840;188,1569
4015;20117,5;41830;188,1641
4017;20127,5;41820;188,1513
4019;20137,5;41810;188,1531
4021;20147,5;41800;188,1603
4023;20157,5;41790;188,1442
4025;20167,5;41780;188,1451
4027;20177,5;41770;188,1416
4029;20187,5;41760;188,1265
4031;20197,5;41750;188,1192
4033;20207,5;41740;188,1258
4036;20222,5;41725;188,1237
4038;20232,5;41715;188,1434
4040;20242,5;41705;188,1327
4042;20252,5;41695;188,1213
4044;20262,5;41685;188,1181
4046;20272,5;41675;188,1222
4048;20282,5;41665;188,1101
4050;20292,5;41655;188,1141
4052;20302,5;41645;188,1191
4054;20312,5;41635;188,1093
4056;20322,5;41625;188,1092
4058;20332,5;41615;188,1011
4061;20347,5;41600;188,1167
4063;20357,5;41590;188,1067
4065;20367,5;41580;188,0989
4067;20377,5;41570;188,1109
4069;20387,5;41560;188,1023
4071;20397,5;41550;188,1041
4073;20407,5;41540;188,0969
4075;20417,5;41530;188,0958
4077;20427,5;41520;188,1013
4079;20437,5;41510;188,1010
4081;20447,5;41500;188,0975
4084;20462,5;41485;188,0938
4086;20472,5;41475;188,0922
4088;20482,5;41465;188,0890
4090;20492,5;41455;188,0861
4092;20502,5;41445;188,0890
4094;20512,5;41435;188,0816
4096;20522,5;41425;188,0834
4098;20532,5;41415;188,0859
4100;20542,5;41405;188,0853
4102;20552,5;41395;188,0836
4104;20562,5;41385;188,0893
4106;20572,5;41375;188,0850
4108;20582,5;41365;188,1002
4110;20592,5;41355;188,0784
4112;20602,5;41345;188,0813
4114;20612,5;41335;188,0774
4116;20622,5;41325;188,0753
4118;20632,5;41315;188,0757
4120;20642,5;41305;188,0704
4122;20652,5;41295;188,0747
4124;20662,5;41285;188,0691
4126;20672,5;41275;188,0672
4128;20682,5;41265;188,0630
4131;20697,5;41250;188,0702
4133;20707,5;41240;188,0617
4135;20717,5;41230;188,0668
4137;20727,5;41220;188,0622
4139;20737,5;41210;188,0617
4141;20747,5;41200;188,0550
4143;20757,5;41190;188,0535
4145;20767,5;41180;188,0564
4147;20777,5;41170;188,0507
4149;20787,5;41160;188,0589
4151;20797,5;41150;188,0634
4153;20807,5;41140;188,0503
4155;20817,5;41130;188,0464
4157;20827,5;41120;188,0587
4159;20837,5;41110;188,0611
4162;20852,5;41095;188,0375
4164;20862,5;41085;188,0358
4166;20872,5;41075;188,0337
4168;20882,5;41065;188,0230
4170;20892,5;41055;188,0275
4172;20902,5;41045;188,0301
4174;20912,5;41035;188,0303
4176;20922,5;41025;188,0295
4178;20932,5;41015;188,0237
4180;20942,5;41005;188,0276
4182;20952,5;40995;188,0189
4184;20962,5;40985;188,0232
4187;20977,5;40970;188,0178
4189;20987,5;40960;188,0220
4191;20997,5;40950;188,0128
4193;21007,5;40940;188,0166
4195;21017,5;40930;188,0135
4197;21027,5;40920;188,0127
4199;21037,5;40910;188,0098
4201;21047,5;40900;188,0091
4203;21057,5;40890;188,0031
4206;21072,5;40875;188,0055
4208;21082,5;40865;187,9999
4210;21092,5;40855;188,0086
4212;21102,5;40845;187,9997
4214;21112,5;40835;188,0014
4216;21122,5;40825;187,9921
4218;21132,5;40815;187,9959
4220;21142,5;40805;187,9837
4222;21152,5;40795;187,9974
4224;21162,5;40785;187,9883
4229;21187,5;40760;187,9900
4231;21197,5;40750;187,9858
4233;21207,5;40740;187,9840
4235;21217,5;40730;187,9669
4237;21227,5;40720;187,9781
4239;21237,5;40710;187,9837
4241;21247,5;40700;187,9736
4243;21257,5;40690;187,9752
4246;21272,5;40675;187,9685
4248;21282,5;40665;187,9747
4250;21292,5;40655;187,9670
4252;21302,5;40645;187,9736
4254;21312,5;40635;187,9711
4256;21322,5;40625;187,9655
4258;21332,5;40615;187,9654
4260;21342,5;40605;187,9603
4263;21357,5;40590;187,9581
4264;21362,5;40585;187,9663
4266;21372,5;40575;187,9609
4268;21382,5;40565;187,9485
4270;21392,5;40555;187,9635
4272;21402,5;40545;187,9603
4274;21412,5;40535;187,9620
4276;21422,5;40525;187,9549
4278;21432,5;40515;187,9485
4280;21442,5;40505;187,9499
4283;21457,5;40490;187,9449
4285;21467,5;40480;187,9607
4287;21477,5;40470;187,9380
4289;21487,5;40460;187,9410
4291;21497,5;40450;187,9381
4293;21507,5;40440;187,9390
4295;21517,5;40430;187,9337
4297;21527,5;40420;187,9395
4300;21542,5;40405;187,9362
4302;21552,5;40395;187,9273
4304;21562,5;40385;187,9316
4306;21572,5;40375;187,9278
4308;21582,5;40365;187,9356
4310;21592,5;40355;187,9240
4312;21602,5;40345;187,9283
4314;21612,5;40335;187,9286
4316;21622,5;40325;187,9251
4321;21647,5;40300;187,9248
4323;21657,5;40290;187,9187
4325;21667,5;40280;187,9216
4327;21677,5;40270;187,9228
4329;21687,5;40260;187,9204
4331;21697,5;40250;187,9274
4333;21707,5;40240;187,9152
4335;21717,5;40230;187,9135
4338;21732,5;40215;187,8985
4340;21742,5;40205;187,9054
4342;21752,5;40195;187,9141
4344;21762,5;40185;187,9023
4346;21772,5;40175;187,9016
4348;21782,5;40165;187,9069
4350;21792,5;40155;187,9006
4354;21812,5;40135;187,8977
4358;21832,5;40115;187,8864
4360;21842,5;40105;187,8904
4362;21852,5;40095;187,8807
4365;21867,5;40080;187,8794
4367;21877,5;40070;187,8781
4369;21887,5;40060;187,8877
4371;21897,5;40050;187,8784
4373;21907,5;40040;187,8786
4374;21912,5;40035;187,8732
4376;21922,5;40025;187,8675
4378;21932,5;40015;187,8685
4380;21942,5;40005;187,8659
4382;21952,5;39995;187,8610
4384;21962,5;39985;187,8566
4386;21972,5;39975;187,8537
4388;21982,5;39965;187,8586
4390;21992,5;39955;187,8432
4393;22007,5;39940;187,8395
4395;22017,5;39930;187,8412
4397;22027,5;39920;187,8300
4401;22047,5;39900;187,8248
4403;22057,5;39890;187,8188
4407;22077,5;39870;187,7935
4412;22102,5;39845;187,7702
4414;22112,5;39835;187,7828
4416;22122,5;39825;187,7580
4418;22132,5;39815;187,7694
4421;22147,5;39800;187,7613
4423;22157,5;39790;187,7569
4425;22167,5;39780;187,7484
4427;22177,5;39770;187,7553
4429;22187,5;39760;187,7536
4432;22202,5;39745;187,7503
4434;22212,5;39735;187,7503
4436;22222,5;39725;187,7483
4438;22232,5;39715;187,7563
4440;22242,5;39705;187,7423
4442;22252,5;39695;187,7404
4445;22267,5;39680;187,7401
4447;22277,5;39670;187,7477
4449;22287,5;39660;187,7349
4451;22297,5;39650;187,7341
4453;22307,5;39640;187,7294
4455;22317,5;39630;187,7256
4457;22327,5;39620;187,7204
4459;22337,5;39610;187,7169
4461;22347,5;39600;187,7118
4464;22362,5;39585;187,7171
4466;22372,5;39575;187,7191
4470;22392,5;39555;187,7038
4472;22402,5;39545;187,6968
4475;22417,5;39530;187,6808
4477;22427,5;39520;187,6758
4479;22437,5;39510;187,6754
4482;22452,5;39495;187,6561
4484;22462,5;39485;187,6553
4486;22472,5;39475;187,6477
4488;22482,5;39465;187,6427
4491;22497,5;39450;187,6340
4493;22507,5;39440;187,6255
4495;22517,5;39430;187,6024
4498;22532,5;39415;187,6084
4500;22542,5;39405;187,5898
4502;22552,5;39395;187,5771
4504;22562,5;39385;187,5684
4506;22572,5;39375;187,5585
4508;22582,5;39365;187,5600
4510;22592,5;39355;187,5518
4513;22607,5;39340;187,5417
4515;22617,5;39330;187,5449
4517;22627,5;39320;187,5298
4520;22642,5;39305;187,5276
4522;22652,5;39295;187,5199
4525;22667,5;39280;187,5204
4527;22677,5;39270;187,5104
4529;22687,5;39260;187,5064
4532;22702,5;39245;187,5062
4534;22712,5;39235;187,4964
4536;22722,5;39225;187,4872
4538;22732,5;39215;187,4913
4541;22747,5;39200;187,4889
4543;22757,5;39190;187,4752
4545;22767,5;39180;187,4733
4548;22782,5;39165;187,4794
4550;22792,5;39155;187,4692
4552;22802,5;39145;187,4527
4554;22812,5;39135;187,4534
4557;22827,5;39120;187,4484
4559;22837,5;39110;187,4466
4562;22852,5;39095;187,4389
4564;22862,5;39085;187,4353
4566;22872,5;39075;187,4361
4568;22882,5;39065;187,4272
4571;22897,5;39050;187,4259
4573;22907,5;39040;187,4190
4575;22917,5;39030;187,4153
4577;22927,5;39020;187,4169
4580;22942,5;39005;187,4034
4582;22952,5;38995;187,4057
4584;22962,5;38985;187,4054
4586;22972,5;38975;187,3986
4588;22982,5;38965;187,4001
4590;22992,5;38955;187,3950
4592;23002,5;38945;187,3944
4594;23012,5;38935;187,3946
4596;23022,5;38925;187,3852
4598;23032,5;38915;187,3824
4600;23042,5;38905;187,3796
4602;23052,5;38895;187,3816
4604;23062,5;38885;187,3756
4606;23072,5;38875;187,3738
4608;23082,5;38865;187,3731
4610;23092,5;38855;187,3620
4612;23102,5;38845;187,3644
4614;23112,5;38835;187,3610
4616;23122,5;38825;187,3629
4618;23132,5;38815;187,3580
4620;23142,5;38805;187,3573
4622;23152,5;38795;187,3554
4624;23162,5;38785;187,3462
4626;23172,5;38775;187,3464
4628;23182,5;38765;187,3481
4630;23192,5;38755;187,3456
4632;23202,5;38745;187,3350
4634;23212,5;38735;187,3346
4635;23217,5;38730;187,3277
4637;23227,5;38720;187,3293
4639;23237,5;38710;187,3175
4641;23247,5;38700;187,3149
4643;23257,5;38690;187,3144
4645;23267,5;38680;187,2956
4647;23277,5;38670;187,2899
4649;23287,5;38660;187,2776
4651;23297,5;38650;187,2662
4654;23312,5;38635;187,2531
4656;23322,5;38625;187,2376
4658;23332,5;38615;187,2269
4660;23342,5;38605;187,2050
4662;23352,5;38595;187,1967
4665;23367,5;38580;187,1816
4667;23377,5;38570;187,1827
4669;23387,5;38560;187,1864
4671;23397,5;38550;187,1760
4674;23412,5;38535;187,1771
4676;23422,5;38525;187,1658
4678;23432,5;38515;187,1683
4680;23442,5;38505;187,1725
4682;23452,5;38495;187,1604
4685;23467,5;38480;187,1530
4687;23477,5;38470;187,1267
4689;23487,5;38460;187,1322
4691;23497,5;38450;187,1504
4694;23512,5;38435;187,1486
4696;23522,5;38425;187,1411
4698;23532,5;38415;187,1304
4700;23542,5;38405;187,1298
4703;23557,5;38390;187,1254
4709;23587,5;38360;187,1286
4711;23597,5;38350;187,1235
4713;23607,5;38340;187,1255
4715;23617,5;38330;187,1067
4720;23642,5;38305;187,1190
4722;23652,5;38295;187,1191
4724;23662,5;38285;187,1263
4726;23672,5;38275;187,1257
4728;23682,5;38265;187,0989
4730;23692,5;38255;187,1106
4732;23702,5;38245;187,1104
4749;23787,5;38160;187,0836
4751;23797,5;38150;187,0851
4753;23807,5;38140;187,0840
4755;23817,5;38130;187,0909
4756;23822,5;38125;187,0781
4758;23832,5;38115;187,0716
4760;23842,5;38105;187,0693
4762;23852,5;38095;187,0771
4764;23862,5;38085;187,0631
4766;23872,5;38075;187,0532
4768;23882,5;38065;187,0469
4770;23892,5;38055;187,0336
4772;23902,5;38045;187,0311
4774;23912,5;38035;187,0154
4776;23922,5;38025;187,0168
4778;23932,5;38015;187,0148
4780;23942,5;38005;187,0186
4782;23952,5;37995;187,0196
4784;23962,5;37985;187,0225
4786;23972,5;37975;187,0101
4788;23982,5;37965;187,0099
4790;23992,5;37955;187,0005
4792;24002,5;37945;186,9956
4795;24017,5;37930;186,9889
4797;24027,5;37920;186,9695
4799;24037,5;37910;186,9715
4801;24047,5;37900;186,9685
4804;24062,5;37885;186,9705
4806;24072,5;37875;186,9727
4808;24082,5;37865;186,9635
4810;24092,5;37855;186,9706
4813;24107,5;37840;186,9724
4815;24117,5;37830;186,9723
4817;24127,5;37820;186,9735
4819;24137,5;37810;186,9787
4822;24152,5;37795;186,9801
4826;24172,5;37775;186,9784
4828;24182,5;37765;186,9803
4830;24192,5;37755;186,9864
4833;24207,5;37740;186,9810
4835;24217,5;37730;186,9506
4837;24227,5;37720;186,9498
4839;24237,5;37710;186,9470
4842;24252,5;37695;186,9572
4844;24262,5;37685;186,9483
4846;24272,5;37675;186,9405
4848;24282,5;37665;186,9362
4850;24292,5;37655;186,9318
4852;24302,5;37645;186,9330
4854;24312,5;37635;186,9354
4856;24322,5;37625;186,9235
4858;24332,5;37615;186,9244
4860;24342,5;37605;186,9061
4862;24352,5;37595;186,8817
4864;24362,5;37585;186,8818
4867;24377,5;37570;186,8897
4869;24387,5;37560;186,8860
4871;24397,5;37550;186,8800
4873;24407,5;37540;186,8681
4875;24417,5;37530;186,8592
4877;24427,5;37520;186,8628
4879;24437,5;37510;186,8558
4881;24447,5;37500;186,8556
4883;24457,5;37490;186,8498
4885;24467,5;37480;186,8414
4887;24477,5;37470;186,8432
4889;24487,5;37460;186,8314
4891;24497,5;37450;186,8329
4893;24507,5;37440;186,8262
4895;24517,5;37430;186,8202
4897;24527,5;37420;186,8218
4899;24537,5;37410;186,8123
4900;24542,5;37405;186,8083
4902;24552,5;37395;186,8044
4904;24562,5;37385;186,8024
4906;24572,5;37375;186,7843
4908;24582,5;37365;186,7849
4910;24592,5;37355;186,7797
4912;24602,5;37345;186,7860
4914;24612,5;37335;186,7949
4915;24617,5;37330;186,7954
4917;24627,5;37320;186,7930
4919;24637,5;37310;186,8066
4920;24642,5;37305;186,7948
4922;24652,5;37295;186,7925
4923;24657,5;37290;186,7972
4925;24667,5;37280;186,7834
4926;24672,5;37275;186,7777
4928;24682,5;37265;186,7967
4929;24687,5;37260;186,7889
4931;24697,5;37250;186,7786
4932;24702,5;37245;186,7792
4933;24707,5;37240;186,7894
4935;24717,5;37230;186,7884
4936;24722,5;37225;186,7872
4938;24732,5;37215;186,7876
4939;24737,5;37210;186,7836
4941;24747,5;37200;186,7755
4943;24757,5;37190;186,7845
4944;24762,5;37185;186,7754
4946;24772,5;37175;186,7787
4948;24782,5;37165;186,7744
4949;24787,5;37160;186,7700
4951;24797,5;37150;186,7615
4953;24807,5;37140;186,7628
4955;24817,5;37130;186,7595
4956;24822,5;37125;186,7548
4958;24832,5;37115;186,7552
4960;24842,5;37105;186,7576
4961;24847,5;37100;186,7393
4963;24857,5;37090;186,7446
4965;24867,5;37080;186,7350
4967;24877,5;37070;186,7318
4968;24882,5;37065;186,7264
4970;24892,5;37055;186,7265
4972;24902,5;37045;186,7249
4974;24912,5;37035;186,7130
4976;24922,5;37025;186,7076
4978;24932,5;37015;186,7124
4979;24937,5;37010;186,7103
4981;24947,5;37000;186,7051
4983;24957,5;36990;186,7017
4985;24967,5;36980;186,6951
4987;24977,5;36970;186,6977
4988;24982,5;36965;186,6874
4990;24992,5;36955;186,6943
4992;25002,5;36945;186,6877
4994;25012,5;36935;186,6827
4995;25017,5;36930;186,6746
4997;25027,5;36920;186,6718
4999;25037,5;36910;186,6757
5001;25047,5;36900;186,6720
5003;25057,5;36890;186,6663
5005;25067,5;36880;186,6570
5007;25077,5;36870;186,6568
5009;25087,5;36860;186,6343
5011;25097,5;36850;186,6571
5012;25102,5;36845;186,6378
5013;25107,5;36840;186,6427
5015;25117,5;36830;186,6251
5016;25122,5;36825;186,6089
5018;25132,5;36815;186,5963
5019;25137,5;36810;186,5955
5020;25142,5;36805;186,5805
5022;25152,5;36795;186,5653
5023;25157,5;36790;186,5683
5024;25162,5;36785;186,5652
5025;25167,5;36780;186,5412
5027;25177,5;36770;186,5396
5028;25182,5;36765;186,5410
5029;25187,5;36760;186,5405
5031;25197,5;36750;186,5346
5033;25207,5;36740;186,5351
5035;25217,5;36730;186,5353
5037;25227,5;36720;186,5311
5039;25237,5;36710;186,5265
5041;25247,5;36700;186,5184
5043;25257,5;36690;186,5208
5045;25267,5;36680;186,5163
5047;25277,5;36670;186,5104
5049;25287,5;36660;186,5178
5051;25297,5;36650;186,5127
5053;25307,5;36640;186,5157
5055;25317,5;36630;186,5130
5056;25322,5;36625;186,5109
5058;25332,5;36615;186,5171
5060;25342,5;36605;186,5045
5062;25352,5;36595;186,5087
5064;25362,5;36585;186,5073
5066;25372,5;36575;186,4998
5067;25377,5;36570;186,4902
5069;25387,5;36560;186,4873
5071;25397,5;36550;186,4837
5073;25407,5;36540;186,4875
5075;25417,5;36530;186,4781
5077;25427,5;36520;186,4675
5079;25437,5;36510;186,4635
5080;25442,5;36505;186,4601
5082;25452,5;36495;186,4513
5084;25462,5;36485;186,4380
5086;25472,5;36475;186,4294
5088;25482,5;36465;186,4148
5090;25492,5;36455;186,4102
5092;25502,5;36445;186,3963
5094;25512,5;36435;186,3699
5097;25527,5;36420;186,3474
5099;25537,5;36410;186,3281
5101;25547,5;36400;186,2956
5104;25562,5;36385;186,2577
5107;25577,5;36370;186,2451
5109;25587,5;36360;186,2128
5112;25602,5;36345;186,1562
5115;25617,5;36330;186,1756
5118;25632,5;36315;186,1276
5121;25647,5;36300;186,1311
5123;25657,5;36290;186,1206
5126;25672,5;36275;186,0990
5129;25687,5;36260;186,0890
5131;25697,5;36250;186,0803
5134;25712,5;36235;186,0642
5136;25722,5;36225;186,0724
5138;25732,5;36215;186,0357
5140;25742,5;36205;186,0146
5142;25752,5;36195;186,0239
5145;25767,5;36180;186,0095
5147;25777,5;36170;185,9928
5149;25787,5;36160;185,9778
5151;25797,5;36150;185,9692
5153;25807,5;36140;185,9529
5155;25817,5;36130;185,9470
5157;25827,5;36120;185,9273
5159;25837,5;36110;185,9069
5162;25852,5;36095;185,8992
5164;25862,5;36085;185,8795
5166;25872,5;36075;185,8801
5169;25887,5;36060;185,8659
5171;25897,5;36050;185,8677
5173;25907,5;36040;185,8857
5176;25922,5;36025;185,8637
5178;25932,5;36015;185,8295
5180;25942,5;36005;185,8290
5182;25952,5;35995;185,8204
5184;25962,5;35985;185,8168
5187;25977,5;35970;185,8079
5189;25987,5;35960;185,7383
5191;25997,5;35950;185,7823
5194;26012,5;35935;185,7628
5196;26022,5;35925;185,7552
5199;26037,5;35910;185,7671
5201;26047,5;35900;185,7710
5204;26062,5;35885;185,7331
5206;26072,5;35875;185,6974
5208;26082,5;35865;185,7383
5211;26097,5;35850;185,7398
5213;26107,5;35840;185,7335
5216;26122,5;35825;185,7347
5218;26132,5;35815;185,7457
5220;26142,5;35805;185,7206
5223;26157,5;35790;185,7255
5225;26167,5;35780;185,7201
5227;26177,5;35770;185,7160
5229;26187,5;35760;185,7009
5232;26202,5;35745;185,6776
5234;26212,5;35735;185,6618
5236;26222,5;35725;185,6437
5239;26237,5;35710;185,6165
5241;26247,5;35700;185,5955
5243;26257,5;35690;185,5850
5246;26272,5;35675;185,6002
5248;26282,5;35665;185,5874
5250;26292,5;35655;185,5845
5252;26302,5;35645;185,5830
5255;26317,5;35630;185,5692
5257;26327,5;35620;185,5594
5259;26337,5;35610;185,5321
5261;26347,5;35600;185,5268
5264;26362,5;35585;185,5129
5266;26372,5;35575;185,5039
5268;26382,5;35565;185,5054
5270;26392,5;35555;185,4976
5273;26407,5;35540;185,4898
5275;26417,5;35530;185,4883
5277;26427,5;35520;185,4718
5279;26437,5;35510;185,4586
5281;26447,5;35500;185,4517
5284;26462,5;35485;185,4391
5286;26472,5;35475;185,4444
5288;26482,5;35465;185,4360
5290;26492,5;35455;185,4477
5292;26502,5;35445;185,4395
5294;26512,5;35435;185,4428
5296;26522,5;35425;185,4350
5298;26532,5;35415;185,4227
5300;26542,5;35405;185,4073
5302;26552,5;35395;185,4038
5304;26562,5;35385;185,3938
5306;26572,5;35375;185,3695
5308;26582,5;35365;185,3713
5310;26592,5;35355;185,3693
5312;26602,5;35345;185,3644
5315;26617,5;35330;185,3529
5317;26627,5;35320;185,3340
5319;26637,5;35310;185,3339
5321;26647,5;35300;185,3289
5324;26662,5;35285;185,3142
5326;26672,5;35275;185,3009
5328;26682,5;35265;185,3009
5330;26692,5;35255;185,3000
5333;26707,5;35240;185,3020
5335;26717,5;35230;185,3014
5337;26727,5;35220;185,2925
5340;26742,5;35205;185,2853
5342;26752,5;35195;185,2807
5344;26762,5;35185;185,2916
5346;26772,5;35175;185,2786
5349;26787,5;35160;185,2798
5351;26797,5;35150;185,2747
5353;26807,5;35140;185,2696
5356;26822,5;35125;185,2451
5358;26832,5;35115;185,2273
5360;26842,5;35105;185,2205
5363;26857,5;35090;185,2192
5365;26867,5;35080;185,2026
5368;26882,5;35065;185,2138
5370;26892,5;35055;185,1751
5373;26907,5;35040;185,1953
5375;26917,5;35030;185,1916
5377;26927,5;35020;185,1861
5380;26942,5;35005;185,1632
5382;26952,5;34995;185,1693
5385;26967,5;34980;185,1722
5387;26977,5;34970;185,1744
5390;26992,5;34955;185,1712
5392;27002,5;34945;185,1917
5394;27012,5;34935;185,1762
5397;27027,5;34920;185,1738
5399;27037,5;34910;185,1571
5401;27047,5;34900;185,1624
5403;27057,5;34890;185,1671
5405;27067,5;34880;185,1579
5408;27082,5;34865;185,1610
5410;27092,5;34855;185,1658
5412;27102,5;34845;185,1508
5414;27112,5;34835;185,1547
5416;27122,5;34825;185,1408
5418;27132,5;34815;185,1451
5420;27142,5;34805;185,1299
5422;27152,5;34795;185,1310
5425;27167,5;34780;185,1411
5427;27177,5;34770;185,1356
5429;27187,5;34760;185,1296
5431;27197,5;34750;185,1344
5433;27207,5;34740;185,1244
5435;27217,5;34730;185,1213
5437;27227,5;34720;185,1169
5439;27237,5;34710;185,1057
5441;27247,5;34700;185,1041
5443;27257,5;34690;185,1023
5445;27267,5;34680;185,0838
5448;27282,5;34665;185,0787
5450;27292,5;34655;185,0895
5452;27302,5;34645;185,0526
5454;27312,5;34635;185,0495
5456;27322,5;34625;185,0573
5458;27332,5;34615;185,0458
5459;27337,5;34610;185,0252
5461;27347,5;34600;185,0342
5463;27357,5;34590;185,0145
5466;27372,5;34575;185,0064
5468;27382,5;34565;184,9920
5470;27392,5;34555;184,9816
5472;27402,5;34545;184,9722
5474;27412,5;34535;184,9734
5476;27422,5;34525;184,9716
5479;27437,5;34510;184,9509
5481;27447,5;34500;184,9570
5483;27457,5;34490;184,9570
5485;27467,5;34480;184,9437
5487;27477,5;34470;184,9317
5489;27487,5;34460;184,9139
5491;27497,5;34450;184,9110
5493;27507,5;34440;184,9100
5495;27517,5;34430;184,9018
5498;27532,5;34415;184,8834
5500;27542,5;34405;184,8716
5502;27552,5;34395;184,8705
5504;27562,5;34385;184,8500
5506;27572,5;34375;184,8149
5508;27582,5;34365;184,7951
5510;27592,5;34355;184,7669
5513;27607,5;34340;184,7230
5515;27617,5;34330;184,6982
5518;27632,5;34315;184,6899
5521;27647,5;34300;184,6807
5524;27662,5;34285;184,6719
5527;27677,5;34270;184,6730
5529;27687,5;34260;184,6695
5532;27702,5;34245;184,6577
5535;27717,5;34230;184,6412
5538;27732,5;34215;184,6443
5541;27747,5;34200;184,6571
5543;27757,5;34190;184,6671
5545;27767,5;34180;184,6366
5547;27777,5;34170;184,6554
5549;27787,5;34160;184,6612
5551;27797,5;34150;184,6612
5553;27807,5;34140;184,6504
5555;27817,5;34130;184,6472
5558;27832,5;34115;184,6537
5561;27847,5;34100;184,6481
5563;27857,5;34090;184,6353
5566;27872,5;34075;184,6396
5568;27882,5;34065;184,6294
5570;27892,5;34055;184,6316
5573;27907,5;34040;184,6291
5575;27917,5;34030;184,6223
5578;27932,5;34015;184,6219
5580;27942,5;34005;184,6169
5582;27952,5;33995;184,6198
5585;27967,5;33980;184,6112
5587;27977,5;33970;184,6073
5590;27992,5;33955;184,6079
5592;28002,5;33945;184,5958
5595;28017,5;33930;184,5963
5597;28027,5;33920;184,5907
5599;28037,5;33910;184,5842
5602;28052,5;33895;184,5761
5604;28062,5;33885;184,5647
5607;28077,5;33870;184,5617
5609;28087,5;33860;184,5552
5611;28097,5;33850;184,5521
5614;28112,5;33835;184,5436
5616;28122,5;33825;184,5320
5619;28137,5;33810;184,5285
5621;28147,5;33800;184,5265
5623;28157,5;33790;184,5209
5625;28167,5;33780;184,5214
5628;28182,5;33765;184,5154
5630;28192,5;33755;184,5168
5632;28202,5;33745;184,5064
5634;28212,5;33735;184,5066
5637;28227,5;33720;184,5001
5639;28237,5;33710;184,4969
5641;28247,5;33700;184,4846
5643;28257,5;33690;184,4795
5645;28267,5;33680;184,4732
5646;28272,5;33675;184,4666
5648;28282,5;33665;184,4541
5650;28292,5;33655;184,4390
5652;28302,5;33645;184,4292
5653;28307,5;33640;184,4157
5655;28317,5;33630;184,4001
5657;28327,5;33620;184,3825
5658;28332,5;33615;184,3706
5660;28342,5;33605;184,3531
5662;28352,5;33595;184,3358
5663;28357,5;33590;184,3341
5665;28367,5;33580;184,3104
5666;28372,5;33575;184,3096
5668;28382,5;33565;184,3117
5669;28387,5;33560;184,3148
5671;28397,5;33550;184,3020
5674;28412,5;33535;184,2987
5676;28422,5;33525;184,2837
5678;28432,5;33515;184,2629
5680;28442,5;33505;184,2746
5683;28457,5;33490;184,2856
5685;28467,5;33480;184,2458
5687;28477,5;33470;184,2494
5690;28492,5;33455;184,2430
5692;28502,5;33445;184,2314
5695;28517,5;33430;184,2201
5697;28527,5;33420;184,2041
5700;28542,5;33405;184,1954
5702;28552,5;33395;184,1838
5704;28562,5;33385;184,1560
5706;28572,5;33375;184,1568
5709;28587,5;33360;184,1312
5711;28597,5;33350;184,1443
5712;28602,5;33345;184,1581
5714;28612,5;33335;184,1629
5715;28617,5;33330;184,1543
5716;28622,5;33325;184,1400
5717;28627,5;33320;184,1301
5718;28632,5;33315;184,1468
5719;28637,5;33310;184,1332
5720;28642,5;33305;184,1234
5721;28647,5;33300;184,1194
5722;28652,5;33295;184,1143
5723;28657,5;33290;184,1225
5724;28662,5;33285;184,1121
5725;28667,5;33280;184,1159
5726;28672,5;33275;184,0953
5727;28677,5;33270;184,0965
5728;28682,5;33265;184,1064
5730;28692,5;33255;184,0874
5735;28717,5;33230;184,0921
5738;28732,5;33215;184,0778
5743;28757,5;33190;184,0849
5746;28772,5;33175;184,0678
5748;28782,5;33165;184,0747
5751;28797,5;33150;184,0842
5753;28807,5;33140;184,0771
5756;28822,5;33125;184,0741
5758;28832,5;33115;184,0720
5761;28847,5;33100;184,0587
5764;28862,5;33085;184,0683
5766;28872,5;33075;184,0565
5769;28887,5;33060;184,0547
5771;28897,5;33050;184,0528
5774;28912,5;33035;184,0564
5776;28922,5;33025;184,0577
5779;28937,5;33010;184,0587
5781;28947,5;33000;184,0653
5784;28962,5;32985;184,0608
5786;28972,5;32975;184,0604
5789;28987,5;32960;184,0439
5791;28997,5;32950;184,0485
5793;29007,5;32940;184,0460
5796;29022,5;32925;184,0380
5798;29032,5;32915;184,0303
5801;29047,5;32900;184,0219
5803;29057,5;32890;184,0145
5805;29067,5;32880;184,0161
5807;29077,5;32870;184,0109
5809;29087,5;32860;183,9990
5812;29102,5;32845;183,9933
5814;29112,5;32835;183,9730
5816;29122,5;32825;183,9665
5818;29132,5;32815;183,9443
5821;29147,5;32800;183,9315
5823;29157,5;32790;183,9413
5825;29167,5;32780;183,9361
5828;29182,5;32765;183,9206
5830;29192,5;32755;183,9183
5833;29207,5;32740;183,9021
5835;29217,5;32730;183,8976
5837;29227,5;32720;183,8764
5840;29242,5;32705;183,8631
5842;29252,5;32695;183,8401
5845;29267,5;32680;183,8269
5847;29277,5;32670;183,7986
5850;29292,5;32655;183,7891
5852;29302,5;32645;183,7648
5855;29317,5;32630;183,7424
5858;29332,5;32615;183,7347
5860;29342,5;32605;183,7140
5863;29357,5;32590;183,7054
5865;29367,5;32580;183,7052
5868;29382,5;32565;183,6999
5871;29397,5;32550;183,6728
5873;29407,5;32540;183,6168
5876;29422,5;32525;183,6279
5879;29437,5;32510;183,6172
5881;29447,5;32500;183,5992
5884;29462,5;32485;183,5866
5886;29472,5;32475;183,5796
5889;29487,5;32460;183,5836
5891;29497,5;32450;183,5641
5894;29512,5;32435;183,5547
5897;29527,5;32420;183,5341
5899;29537,5;32410;183,5204
5902;29552,5;32395;183,5099
5905;29567,5;32380;183,5092
5908;29582,5;32365;183,5180
5911;29597,5;32350;183,4949
5913;29607,5;32340;183,5028
5916;29622,5;32325;183,4865
5919;29637,5;32310;183,4677
5922;29652,5;32295;183,4134
5924;29662,5;32285;183,4533
5926;29672,5;32275;183,4492
5929;29687,5;32260;183,4290
5931;29697,5;32250;183,4051
5933;29707,5;32240;183,4325
5936;29722,5;32225;183,4129
5938;29732,5;32215;183,4053
5941;29747,5;32200;183,3998
5943;29757,5;32190;183,3888
5945;29767,5;32180;183,3734
5947;29777,5;32170;183,3773
5950;29792,5;32155;183,3694
5952;29802,5;32145;183,3480
5955;29817,5;32130;183,3507
5957;29827,5;32120;183,3420
5960;29842,5;32105;183,3331
5962;29852,5;32095;183,3315
5965;29867,5;32080;183,3145
5967;29877,5;32070;183,3265
5970;29892,5;32055;183,3281
5972;29902,5;32045;183,3267
5975;29917,5;32030;183,2961
5977;29927,5;32020;183,3034
5979;29937,5;32010;183,2914
5982;29952,5;31995;183,2747
5984;29962,5;31985;183,2689
5987;29977,5;31970;183,2410
5989;29987,5;31960;183,2368
5992;30002,5;31945;183,2178
5994;30012,5;31935;183,1914
5997;30027,5;31920;183,1928
6000;30042,5;31905;183,1907
6002;30052,5;31895;183,1885
6005;30067,5;31880;183,1405
6007;30077,5;31870;183,1119
6010;30092,5;31855;183,0862
6012;30102,5;31845;183,0750
6015;30117,5;31830;183,0390
6018;30132,5;31815;183,0415
6021;30147,5;31800;183,0232
6023;30157,5;31790;183,0214
6026;30172,5;31775;182,9943
6029;30187,5;31760;182,9719
6031;30197,5;31750;182,9765
6034;30212,5;31735;182,9895
6036;30222,5;31725;182,9805
6039;30237,5;31710;182,9532
6041;30247,5;31700;182,9829
6044;30262,5;31685;182,9639
6047;30277,5;31670;182,9672
6049;30287,5;31660;182,9607
6052;30302,5;31645;182,9699
6054;30312,5;31635;182,9626
6057;30327,5;31620;182,9746
6059;30337,5;31610;182,9612
6061;30347,5;31600;182,9737
6064;30362,5;31585;182,9676
6066;30372,5;31575;182,9710
6068;30382,5;31565;182,9828
6070;30392,5;31555;182,9602
6072;30402,5;31545;182,9709
6074;30412,5;31535;182,9621
6076;30422,5;31525;182,9583
6078;30432,5;31515;182,9543
6080;30442,5;31505;182,9654
6082;30452,5;31495;182,9628
6084;30462,5;31485;182,9552
6086;30472,5;31475;182,9577
6088;30482,5;31465;182,9699
6090;30492,5;31455;182,9561
6092;30502,5;31445;182,9468
6095;30517,5;31430;182,9358
6097;30527,5;31420;182,9425
6099;30537,5;31410;182,9551
6101;30547,5;31400;182,9512
6103;30557,5;31390;182,9466
6105;30567,5;31380;182,9461
6108;30582,5;31365;182,9485
6110;30592,5;31355;182,9465
6112;30602,5;31345;182,9430
6114;30612,5;31335;182,9484
6116;30622,5;31325;182,9544
6118;30632,5;31315;182,9280
6121;30647,5;31300;182,9382
6123;30657,5;31290;182,9410
6125;30667,5;31280;182,9471
6127;30677,5;31270;182,9310
6129;30687,5;31260;182,9265
6131;30697,5;31250;182,9212
6133;30707,5;31240;182,9262
6135;30717,5;31230;182,9273
6137;30727,5;31220;182,9233
6139;30737,5;31210;182,9237
6141;30747,5;31200;182,9081
6144;30762,5;31185;182,9091
6146;30772,5;31175;182,8986
6148;30782,5;31165;182,9003
6150;30792,5;31155;182,9090
6152;30802,5;31145;182,8943
6154;30812,5;31135;182,8870
6156;30822,5;31125;182,8837
6158;30832,5;31115;182,8844
6160;30842,5;31105;182,8900
6163;30857,5;31090;182,8792
6165;30867,5;31080;182,8769
6167;30877,5;31070;182,8757
6169;30887,5;31060;182,8711
6171;30897,5;31050;182,8728
6173;30907,5;31040;182,8648
6175;30917,5;31030;182,8627
6177;30927,5;31020;182,8575
6179;30937,5;31010;182,8690
6181;30947,5;31000;182,8666
6183;30957,5;30990;182,8595
6185;30967,5;30980;182,8633
6187;30977,5;30970;182,8567
6189;30987,5;30960;182,8486
6192;31002,5;30945;182,8451
6194;31012,5;30935;182,8407
6196;31022,5;30925;182,8381
6198;31032,5;30915;182,8567
6200;31042,5;30905;182,8419
6202;31052,5;30895;182,8402
6204;31062,5;30885;182,8460
6207;31077,5;30870;182,8487
6209;31087,5;30860;182,8245
6211;31097,5;30850;182,8373
6213;31107,5;30840;182,8386
6215;31117,5;30830;182,8403
6217;31127,5;30820;182,8425
6219;31137,5;30810;182,8223
6220;31142,5;30805;182,8247
6223;31157,5;30790;182,8177
6225;31167,5;30780;182,8148
6227;31177,5;30770;182,8403
6229;31187,5;30760;182,8591
6231;31197,5;30750;182,8216
6233;31207,5;30740;182,8264
6235;31217,5;30730;182,8168
6237;31227,5;30720;182,8145
6239;31237,5;30710;182,8152
6241;31247,5;30700;182,8128
6243;31257,5;30690;182,8063
6245;31267,5;30680;182,8133
6247;31277,5;30670;182,8360
6249;31287,5;30660;182,8114
6251;31297,5;30650;182,8096
6253;31307,5;30640;182,8099
6255;31317,5;30630;182,8010
6257;31327,5;30620;182,7909
6259;31337,5;30610;182,8019
6261;31347,5;30600;182,8087
6263;31357,5;30590;182,8041
6265;31367,5;30580;182,7977
6267;31377,5;30570;182,7965
6269;31387,5;30560;182,7993
6271;31397,5;30550;182,8156
6275;31417,5;30530;182,7981
6279;31437,5;30510;182,7907
6280;31442,5;30505;182,7981
6282;31452,5;30495;182,7850
6284;31462,5;30485;182,8092
6286;31472,5;30475;182,7916
6288;31482,5;30465;182,7859
6290;31492,5;30455;182,7490
6292;31502,5;30445;182,7948
6294;31512,5;30435;182,7917
6296;31522,5;30425;182,8230
6298;31532,5;30415;182,7860
6300;31542,5;30405;182,7700
6302;31552,5;30395;182,7265
6304;31562,5;30385;182,7747
6306;31572,5;30375;182,7765
6308;31582,5;30365;182,7770
6310;31592,5;30355;182,7468
6326;31672,5;30275;182,7745
6328;31682,5;30265;182,7950
6332;31702,5;30245;182,7668
6333;31707,5;30240;182,7754
6335;31717,5;30230;182,7737
6337;31727,5;30220;182,8040
6343;31757,5;30190;182,7648
6345;31767,5;30180;182,7706
6346;31772,5;30175;182,7450
6354;31812,5;30135;182,7786
6355;31817,5;30130;182,7662
6357;31827,5;30120;182,7837
6367;31877,5;30070;182,7693
6369;31887,5;30060;182,7644
6371;31897,5;30050;182,7468
6403;32057,5;29890;182,7705
6405;32067,5;29880;182,7664
6407;32077,5;29870;182,7505
6409;32087,5;29860;182,7744
6413;32107,5;29840;182,7683
6415;32117,5;29830;182,7686
6417;32127,5;29820;182,7425
6419;32137,5;29810;182,7525
6421;32147,5;29800;182,7535
6423;32157,5;29790;182,7542
6425;32167,5;29780;182,7475
6427;32177,5;29770;182,7601
6428;32182,5;29765;182,7575
6430;32192,5;29755;182,7501
6432;32202,5;29745;182,7406
6434;32212,5;29735;182,7433
6436;32222,5;29725;182,7362
6438;32232,5;29715;182,7431
6440;32242,5;29705;182,7364
6441;32247,5;29700;182,7330
6443;32257,5;29690;182,7357
6445;32267,5;29680;182,7334
6447;32277,5;29670;182,7332
6449;32287,5;29660;182,7276
6451;32297,5;29650;182,7253
6453;32307,5;29640;182,7219
6455;32317,5;29630;182,7204
6457;32327,5;29620;182,7128
6474;32412,5;29535;182,6898
6476;32422,5;29525;182,6865
6480;32442,5;29505;182,6719
6482;32452,5;29495;182,6728
6484;32462,5;29485;182,6761
6486;32472,5;29475;182,6661
6488;32482,5;29465;182,6739
6490;32492,5;29455;182,6616
6492;32502,5;29445;182,6674
6494;32512,5;29435;182,6921
6503;32557,5;29390;182,6450
6505;32567,5;29380;182,6449
6507;32577,5;29370;182,6437
6509;32587,5;29360;182,6510
6511;32597,5;29350;182,6565
6520;32642,5;29305;182,6247
6522;32652,5;29295;182,6165
6524;32662,5;29285;182,5880
6526;32672,5;29275;182,5509
6529;32687,5;29260;182,6120
6531;32697,5;29250;182,6107
6533;32707,5;29240;182,6008
6535;32717,5;29230;182,6043
6537;32727,5;29220;182,6068
6539;32737,5;29210;182,6080
6541;32747,5;29200;182,6028
6543;32757,5;29190;182,5919
6544;32762,5;29185;182,5913
6546;32772,5;29175;182,5939
6548;32782,5;29165;182,6104
6550;32792,5;29155;182,6233
6556;32822,5;29125;182,5846
6558;32832,5;29115;182,5792
6561;32847,5;29100;182,5852
6563;32857,5;29090;182,5869
6568;32882,5;29065;182,5677
6721;33647,5;28300;182,5083
6723;33657,5;28290;182,4769
6726;33672,5;28275;182,4983
6734;33712,5;28235;182,4909
6736;33722,5;28225;182,4958
6738;33732,5;28215;182,4852
6740;33742,5;28205;182,4988
6742;33752,5;28195;182,5164
6753;33807,5;28140;182,4894
6754;33812,5;28135;182,4893
6756;33822,5;28125;182,4918
6758;33832,5;28115;182,4839
6760;33842,5;28105;182,4880
6783;33957,5;27990;182,4635
6785;33967,5;27980;182,4657
6789;33987,5;27960;182,4612
6791;33997,5;27950;182,4596
6792;34002,5;27945;182,4587
6794;34012,5;27935;182,4484
6798;34032,5;27915;182,4596
6800;34042,5;27905;182,4684
6802;34052,5;27895;182,4482
6803;34057,5;27890;182,4715
6805;34067,5;27880;182,4558
6807;34077,5;27870;182,4613
6808;34082,5;27865;182,4693
6812;34102,5;27845;182,4539
6813;34107,5;27840;182,4651
6815;34117,5;27830;182,4528
6818;34132,5;27815;182,4472
6820;34142,5;27805;182,4449
6822;34152,5;27795;182,4505
6825;34167,5;27780;182,4546
6827;34177,5;27770;182,4620
6828;34182,5;27765;182,4606
6833;34207,5;27740;182,4460
6835;34217,5;27730;182,4483
6837;34227,5;27720;182,4581
6891;34497,5;27450;182,4407
6892;34502,5;27445;182,4356
6974;34912,5;27035;182,4176
6975;34917,5;27030;182,4219
6977;34927,5;27020;182,4189
6979;34937,5;27010;182,4317
6980;34942,5;27005;182,4267
6987;34977,5;26970;182,4065
6988;34982,5;26965;182,4048
7003;35057,5;26890;182,4185
7010;35092,5;26855;182,4171
7011;35097,5;26850;182,4234
7013;35107,5;26840;182,4158
7015;35117,5;26830;182,4078
7017;35127,5;26820;182,4380
7018;35132,5;26815;182,4099
7020;35142,5;26805;182,4104
7021;35147,5;26800;182,4327
7023;35157,5;26790;182,4268
7024;35162,5;26785;182,4209
7025;35167,5;26780;182,4288
7026;35172,5;26775;182,4295
7027;35177,5;26770;182,4332
7029;35187,5;26760;182,4245
7030;35192,5;26755;182,4114
