"Date";"t_minutes";"Q";"id_time_interval";"name_id"
2008-10-03 14:00:00;0;46;5;"RHONE_300"
2008-10-03 15:00:00;60;57;5;"RHONE_300"
2008-10-03 16:00:00;120;74;5;"RHONE_300"
2008-10-03 17:00:00;180;81;5;"RHONE_300"
2008-10-03 18:00:00;240;85;5;"RHONE_300"
2008-10-03 19:00:00;300;88;5;"RHONE_300"
2008-10-03 20:00:00;360;89;5;"RHONE_300"
2008-10-03 21:00:00;420;90;5;"RHONE_300"
2008-10-03 22:00:00;480;92;5;"RHONE_300"
2008-10-03 23:00:00;540;101;5;"RHONE_300"
2008-10-04;600;108;5;"RHONE_300"
2008-10-04 01:00:00;660;105;5;"RHONE_300"
2008-10-04 02:00:00;720;98;5;"RHONE_300"
2008-10-04 03:00:00;780;86;5;"RHONE_300"
2008-10-04 04:00:00;840;76;5;"RHONE_300"
2008-10-04 05:00:00;900;70;5;"RHONE_300"
2008-10-04 06:00:00;960;66;5;"RHONE_300"
2008-10-04 07:00:00;1020;63;5;"RHONE_300"
2008-10-04 08:00:00;1080;59;5;"RHONE_300"
2008-10-04 09:00:00;1140;54;5;"RHONE_300"
2008-10-04 10:00:00;1200;51;5;"RHONE_300"
2008-10-04 11:00:00;1260;48;5;"RHONE_300"
2008-10-04 12:00:00;1320;47;5;"RHONE_300"
2008-10-04 13:00:00;1380;46;5;"RHONE_300"
2008-10-04 14:00:00;1440;44;5;"RHONE_300"
2008-10-04 15:00:00;1500;43;5;"RHONE_300"
2008-10-04 16:00:00;1560;43;5;"RHONE_300"
2008-10-04 17:00:00;1620;44;5;"RHONE_300"
2008-10-04 18:00:00;1680;43;5;"RHONE_300"
2008-10-04 19:00:00;1740;42;5;"RHONE_300"
2008-10-04 20:00:00;1800;42;5;"RHONE_300"
2008-10-04 21:00:00;1860;42;5;"RHONE_300"
2008-10-04 22:00:00;1920;43;5;"RHONE_300"
2008-10-04 23:00:00;1980;42;5;"RHONE_300"
2008-10-05;2040;38;5;"RHONE_300"
2008-10-05 01:00:00;2100;33;5;"RHONE_300"
2008-10-05 02:00:00;2160;29;5;"RHONE_300"
2008-10-05 03:00:00;2220;27;5;"RHONE_300"
2008-10-05 04:00:00;2280;25;5;"RHONE_300"
2008-10-05 05:00:00;2340;24;5;"RHONE_300"
2008-10-05 06:00:00;2400;23;5;"RHONE_300"
2008-10-05 07:00:00;2460;22;5;"RHONE_300"
2008-10-05 08:00:00;2520;22;5;"RHONE_300"
2008-10-05 09:00:00;2580;21;5;"RHONE_300"
2008-10-05 10:00:00;2640;21;5;"RHONE_300"
2008-10-05 11:00:00;2700;21;5;"RHONE_300"
2008-10-05 12:00:00;2760;21;5;"RHONE_300"
2008-10-05 13:00:00;2820;21;5;"RHONE_300"
2008-10-05 14:00:00;2880;21;5;"RHONE_300"
2008-10-05 15:00:00;2940;22;5;"RHONE_300"
2008-10-05 16:00:00;3000;28;5;"RHONE_300"
2008-10-05 17:00:00;3060;35;5;"RHONE_300"
2008-10-05 18:00:00;3120;36;5;"RHONE_300"
2008-10-05 19:00:00;3180;38;5;"RHONE_300"
2008-10-05 20:00:00;3240;37;5;"RHONE_300"
2008-10-05 21:00:00;3300;38;5;"RHONE_300"
2008-10-05 22:00:00;3360;37;5;"RHONE_300"
2008-10-05 23:00:00;3420;38;5;"RHONE_300"
2008-10-06;3480;38;5;"RHONE_300"
2008-10-06 01:00:00;3540;38;5;"RHONE_300"
2008-10-06 02:00:00;3600;38;5;"RHONE_300"
2008-10-06 03:00:00;3660;38;5;"RHONE_300"
2008-10-06 04:00:00;3720;40;5;"RHONE_300"
2008-10-06 05:00:00;3780;47;5;"RHONE_300"
2008-10-06 06:00:00;3840;65;5;"RHONE_300"
2008-10-06 07:00:00;3900;86;5;"RHONE_300"
2008-10-06 08:00:00;3960;97;5;"RHONE_300"
2008-10-06 09:00:00;4020;104;5;"RHONE_300"
2008-10-06 10:00:00;4080;105;5;"RHONE_300"
2008-10-06 11:00:00;4140;106;5;"RHONE_300"
2008-10-06 12:00:00;4200;111;5;"RHONE_300"
2008-10-06 13:00:00;4260;120;5;"RHONE_300"
2008-10-06 14:00:00;4320;128;5;"RHONE_300"
2008-10-06 15:00:00;4380;135;5;"RHONE_300"
2008-10-06 16:00:00;4440;136;5;"RHONE_300"
2008-10-06 17:00:00;4500;138;5;"RHONE_300"
2008-10-06 18:00:00;4560;136;5;"RHONE_300"
2008-10-06 19:00:00;4620;137;5;"RHONE_300"
2008-10-06 20:00:00;4680;136;5;"RHONE_300"
2008-10-06 21:00:00;4740;133;5;"RHONE_300"
2008-10-06 22:00:00;4800;133;5;"RHONE_300"
2008-10-06 23:00:00;4860;126;5;"RHONE_300"
2008-10-07;4920;122;5;"RHONE_300"
2008-10-07 01:00:00;4980;119;5;"RHONE_300"
2008-10-07 02:00:00;5040;120;5;"RHONE_300"
2008-10-07 03:00:00;5100;121;5;"RHONE_300"
2008-10-07 04:00:00;5160;123;5;"RHONE_300"
2008-10-07 05:00:00;5220;125;5;"RHONE_300"
2008-10-07 06:00:00;5280;127;5;"RHONE_300"
2008-10-07 07:00:00;5340;127;5;"RHONE_300"
2008-10-07 08:00:00;5400;128;5;"RHONE_300"
2008-10-07 09:00:00;5460;128;5;"RHONE_300"
2008-10-07 10:00:00;5520;128;5;"RHONE_300"
2008-10-07 11:00:00;5580;129;5;"RHONE_300"
2008-10-07 12:00:00;5640;123;5;"RHONE_300"
2008-10-07 13:00:00;5700;121;5;"RHONE_300"
2008-10-07 14:00:00;5760;117;5;"RHONE_300"
2008-10-07 15:00:00;5820;119;5;"RHONE_300"
2008-10-07 16:00:00;5880;120;5;"RHONE_300"
2008-10-07 17:00:00;5940;123;5;"RHONE_300"
2008-10-07 18:00:00;6000;122;5;"RHONE_300"
2008-10-07 19:00:00;6060;121;5;"RHONE_300"
2008-10-07 20:00:00;6120;118;5;"RHONE_300"
2008-10-07 21:00:00;6180;117;5;"RHONE_300"
2008-10-07 22:00:00;6240;115;5;"RHONE_300"
2008-10-07 23:00:00;6300;114;5;"RHONE_300"
2008-10-08;6360;115;5;"RHONE_300"
2008-10-08 01:00:00;6420;116;5;"RHONE_300"
2008-10-08 02:00:00;6480;117;5;"RHONE_300"
2008-10-08 03:00:00;6540;116;5;"RHONE_300"
2008-10-08 04:00:00;6600;115;5;"RHONE_300"
2008-10-08 05:00:00;6660;116;5;"RHONE_300"
2008-10-08 06:00:00;6720;120;5;"RHONE_300"
2008-10-08 07:00:00;6780;124;5;"RHONE_300"
2008-10-08 08:00:00;6840;127;5;"RHONE_300"
2008-10-08 09:00:00;6900;134;5;"RHONE_300"
2008-10-08 10:00:00;6960;140;5;"RHONE_300"
2008-10-08 11:00:00;7020;145;5;"RHONE_300"
2008-10-08 12:00:00;7080;143;5;"RHONE_300"
2008-10-08 13:00:00;7140;141;5;"RHONE_300"
2008-10-08 14:00:00;7200;140;5;"RHONE_300"
2008-10-08 15:00:00;7260;134;5;"RHONE_300"
2008-10-08 16:00:00;7320;129;5;"RHONE_300"
2008-10-08 17:00:00;7380;123;5;"RHONE_300"
2008-10-08 18:00:00;7440;113;5;"RHONE_300"
2008-10-08 19:00:00;7500;102;5;"RHONE_300"
2008-10-08 20:00:00;7560;95;5;"RHONE_300"
2008-10-08 21:00:00;7620;96;5;"RHONE_300"
2008-10-08 22:00:00;7680;98;5;"RHONE_300"
2008-10-08 23:00:00;7740;99;5;"RHONE_300"
2008-10-09;7800;100;5;"RHONE_300"
2008-10-09 01:00:00;7860;100;5;"RHONE_300"
2008-10-09 02:00:00;7920;100;5;"RHONE_300"
2008-10-09 03:00:00;7980;101;5;"RHONE_300"
2008-10-09 04:00:00;8040;103;5;"RHONE_300"
2008-10-09 05:00:00;8100;103;5;"RHONE_300"
2008-10-09 06:00:00;8160;103;5;"RHONE_300"
2008-10-09 07:00:00;8220;99;5;"RHONE_300"
2008-10-09 08:00:00;8280;94;5;"RHONE_300"
2008-10-09 09:00:00;8340;88;5;"RHONE_300"
2008-10-09 10:00:00;8400;85;5;"RHONE_300"
2008-10-09 11:00:00;8460;84;5;"RHONE_300"
2008-10-09 12:00:00;8520;86;5;"RHONE_300"
2008-10-09 13:00:00;8580;97;5;"RHONE_300"
2008-10-09 14:00:00;8640;117;5;"RHONE_300"
2008-10-09 15:00:00;8700;127;5;"RHONE_300"
2008-10-09 16:00:00;8760;131;5;"RHONE_300"
2008-10-09 17:00:00;8820;136;5;"RHONE_300"
2008-10-09 18:00:00;8880;137;5;"RHONE_300"
2008-10-09 19:00:00;8940;136;5;"RHONE_300"
2008-10-09 20:00:00;9000;139;5;"RHONE_300"
2008-10-09 21:00:00;9060;139;5;"RHONE_300"
2008-10-09 22:00:00;9120;141;5;"RHONE_300"
2008-10-09 23:00:00;9180;142;5;"RHONE_300"
2008-10-10;9240;143;5;"RHONE_300"
2008-10-10 01:00:00;9300;141;5;"RHONE_300"
2008-10-10 02:00:00;9360;142;5;"RHONE_300"
2008-10-10 03:00:00;9420;134;5;"RHONE_300"
2008-10-10 04:00:00;9480;123;5;"RHONE_300"
2008-10-10 05:00:00;9540;115;5;"RHONE_300"
2008-10-10 06:00:00;9600;109;5;"RHONE_300"
2008-10-10 07:00:00;9660;105;5;"RHONE_300"
2008-10-10 08:00:00;9720;102;5;"RHONE_300"
2008-10-10 09:00:00;9780;100;5;"RHONE_300"
2008-10-10 10:00:00;9840;99;5;"RHONE_300"
2008-10-10 11:00:00;9900;98;5;"RHONE_300"
2008-10-10 12:00:00;9960;98;5;"RHONE_300"
2008-10-10 13:00:00;10020;97;5;"RHONE_300"
2008-10-10 14:00:00;10080;98;5;"RHONE_300"
2008-10-10 15:00:00;10140;101;5;"RHONE_300"
2008-10-10 16:00:00;10200;103;5;"RHONE_300"
2008-10-10 17:00:00;10260;98;5;"RHONE_300"
2008-10-10 18:00:00;10320;87;5;"RHONE_300"
2008-10-10 19:00:00;10380;75;5;"RHONE_300"
2008-10-10 20:00:00;10440;65;5;"RHONE_300"
2008-10-10 21:00:00;10500;58;5;"RHONE_300"
2008-10-10 22:00:00;10560;54;5;"RHONE_300"
2008-10-10 23:00:00;10620;50;5;"RHONE_300"
2008-10-11;10680;45;5;"RHONE_300"
2008-10-11 01:00:00;10740;39;5;"RHONE_300"
2008-10-11 02:00:00;10800;35;5;"RHONE_300"
2008-10-11 03:00:00;10860;31;5;"RHONE_300"
2008-10-11 04:00:00;10920;29;5;"RHONE_300"
2008-10-11 05:00:00;10980;27;5;"RHONE_300"
2008-10-11 06:00:00;11040;26;5;"RHONE_300"
2008-10-11 07:00:00;11100;26;5;"RHONE_300"
2008-10-11 08:00:00;11160;25;5;"RHONE_300"
2008-10-11 09:00:00;11220;24;5;"RHONE_300"
2008-10-11 10:00:00;11280;24;5;"RHONE_300"
2008-10-11 11:00:00;11340;24;5;"RHONE_300"
2008-10-11 12:00:00;11400;23;5;"RHONE_300"
2008-10-11 13:00:00;11460;23;5;"RHONE_300"
2008-10-11 14:00:00;11520;22;5;"RHONE_300"
2008-10-11 15:00:00;11580;22;5;"RHONE_300"
2008-10-11 16:00:00;11640;22;5;"RHONE_300"
2008-10-11 17:00:00;11700;21;5;"RHONE_300"
2008-10-11 18:00:00;11760;21;5;"RHONE_300"
2008-10-11 19:00:00;11820;21;5;"RHONE_300"
2008-10-11 20:00:00;11880;21;5;"RHONE_300"
2008-10-11 21:00:00;11940;25;5;"RHONE_300"
2008-10-11 22:00:00;12000;33;5;"RHONE_300"
2008-10-11 23:00:00;12060;36;5;"RHONE_300"
2008-10-12;12120;37;5;"RHONE_300"
2008-10-12 01:00:00;12180;36;5;"RHONE_300"
2008-10-12 02:00:00;12240;33;5;"RHONE_300"
2008-10-12 03:00:00;12300;29;5;"RHONE_300"
2008-10-12 04:00:00;12360;25;5;"RHONE_300"
2008-10-12 05:00:00;12420;23;5;"RHONE_300"
2008-10-12 06:00:00;12480;22;5;"RHONE_300"
2008-10-12 07:00:00;12540;21;5;"RHONE_300"
2008-10-12 08:00:00;12600;21;5;"RHONE_300"
2008-10-12 09:00:00;12660;21;5;"RHONE_300"
2008-10-12 10:00:00;12720;21;5;"RHONE_300"
2008-10-12 11:00:00;12780;20;5;"RHONE_300"
2008-10-12 12:00:00;12840;20;5;"RHONE_300"
2008-10-12 13:00:00;12900;20;5;"RHONE_300"
2008-10-12 14:00:00;12960;20;5;"RHONE_300"
2008-10-12 15:00:00;13020;20;5;"RHONE_300"
2008-10-12 16:00:00;13080;20;5;"RHONE_300"
2008-10-12 17:00:00;13140;20;5;"RHONE_300"
2008-10-12 18:00:00;13200;20;5;"RHONE_300"
2008-10-12 19:00:00;13260;20;5;"RHONE_300"
2008-10-12 20:00:00;13320;20;5;"RHONE_300"
2008-10-12 21:00:00;13380;20;5;"RHONE_300"
2008-10-12 22:00:00;13440;20;5;"RHONE_300"
2008-10-12 23:00:00;13500;20;5;"RHONE_300"
2008-10-13;13560;20;5;"RHONE_300"
2008-10-13 01:00:00;13620;20;5;"RHONE_300"
2008-10-13 02:00:00;13680;20;5;"RHONE_300"
2008-10-13 03:00:00;13740;20;5;"RHONE_300"
2008-10-13 04:00:00;13800;20;5;"RHONE_300"
2008-10-13 05:00:00;13860;20;5;"RHONE_300"
2008-10-13 06:00:00;13920;23;5;"RHONE_300"
2008-10-13 07:00:00;13980;28;5;"RHONE_300"
2008-10-13 08:00:00;14040;32;5;"RHONE_300"
2008-10-13 09:00:00;14100;34;5;"RHONE_300"
2008-10-13 10:00:00;14160;35;5;"RHONE_300"
2008-10-13 11:00:00;14220;35;5;"RHONE_300"
2008-10-13 12:00:00;14280;35;5;"RHONE_300"
2008-10-13 13:00:00;14340;36;5;"RHONE_300"
2008-10-13 14:00:00;14400;41;5;"RHONE_300"
2009-03-19 15:00:00;0;183;6;"RHONE_525"
2009-03-19 16:00:00;60;161;6;"RHONE_525"
2009-03-19 17:00:00;120;142;6;"RHONE_525"
2009-03-19 18:00:00;180;118;6;"RHONE_525"
2009-03-19 19:00:00;240;98;6;"RHONE_525"
2009-03-19 20:00:00;300;84;6;"RHONE_525"
2009-03-19 21:00:00;360;75;6;"RHONE_525"
2009-03-19 22:00:00;420;75;6;"RHONE_525"
2009-03-19 23:00:00;480;82;6;"RHONE_525"
2009-03-20;540;93;6;"RHONE_525"
2009-03-20 01:00:00;600;105;6;"RHONE_525"
2009-03-20 02:00:00;660;113;6;"RHONE_525"
2009-03-20 03:00:00;720;113;6;"RHONE_525"
2009-03-20 04:00:00;780;107;6;"RHONE_525"
2009-03-20 05:00:00;840;102;6;"RHONE_525"
2009-03-20 06:00:00;900;99;6;"RHONE_525"
2009-03-20 07:00:00;960;100;6;"RHONE_525"
2009-03-20 08:00:00;1020;99;6;"RHONE_525"
2009-03-20 09:00:00;1080;97;6;"RHONE_525"
2009-03-20 10:00:00;1140;97;6;"RHONE_525"
2009-03-20 11:00:00;1200;97;6;"RHONE_525"
2009-03-20 12:00:00;1260;103;6;"RHONE_525"
2009-03-20 13:00:00;1320;113;6;"RHONE_525"
2009-03-20 14:00:00;1380;124;6;"RHONE_525"
2009-03-20 15:00:00;1440;128;6;"RHONE_525"
2009-03-20 16:00:00;1500;129;6;"RHONE_525"
2009-03-20 17:00:00;1560;124;6;"RHONE_525"
2009-03-20 18:00:00;1620;111;6;"RHONE_525"
2009-03-20 19:00:00;1680;95;6;"RHONE_525"
2009-03-20 20:00:00;1740;83;6;"RHONE_525"
2009-03-20 21:00:00;1800;78;6;"RHONE_525"
2009-03-20 22:00:00;1860;72;6;"RHONE_525"
2009-03-20 23:00:00;1920;67;6;"RHONE_525"
2009-03-21;1980;63;6;"RHONE_525"
2009-03-21 01:00:00;2040;61;6;"RHONE_525"
2009-03-21 02:00:00;2100;60;6;"RHONE_525"
2009-03-21 03:00:00;2160;59;6;"RHONE_525"
2009-03-21 04:00:00;2220;58;6;"RHONE_525"
2009-03-21 05:00:00;2280;57;6;"RHONE_525"
2009-03-21 06:00:00;2340;56;6;"RHONE_525"
2009-03-21 07:00:00;2400;56;6;"RHONE_525"
2009-03-21 08:00:00;2460;56;6;"RHONE_525"
2009-03-21 09:00:00;2520;56;6;"RHONE_525"
2009-03-21 10:00:00;2580;59;6;"RHONE_525"
2009-03-21 11:00:00;2640;66;6;"RHONE_525"
2009-03-21 12:00:00;2700;77;6;"RHONE_525"
2009-03-21 13:00:00;2760;82;6;"RHONE_525"
2009-03-21 14:00:00;2820;84;6;"RHONE_525"
2009-03-21 15:00:00;2880;83;6;"RHONE_525"
2009-03-21 16:00:00;2940;82;6;"RHONE_525"
2009-03-21 17:00:00;3000;82;6;"RHONE_525"
2009-03-21 18:00:00;3060;82;6;"RHONE_525"
2009-03-21 19:00:00;3120;85;6;"RHONE_525"
2009-03-21 20:00:00;3180;84;6;"RHONE_525"
2009-03-21 21:00:00;3240;83;6;"RHONE_525"
2009-03-21 22:00:00;3300;84;6;"RHONE_525"
2009-03-21 23:00:00;3360;83;6;"RHONE_525"
2009-03-22;3420;83;6;"RHONE_525"
2009-03-22 01:00:00;3480;83;6;"RHONE_525"
2009-03-22 02:00:00;3540;83;6;"RHONE_525"
2009-03-22 03:00:00;3600;82;6;"RHONE_525"
2009-03-22 04:00:00;3660;80;6;"RHONE_525"
2009-03-22 05:00:00;3720;84;6;"RHONE_525"
2009-03-22 06:00:00;3780;94;6;"RHONE_525"
2009-03-22 07:00:00;3840;102;6;"RHONE_525"
2009-03-22 08:00:00;3900;100;6;"RHONE_525"
2009-03-22 09:00:00;3960;91;6;"RHONE_525"
2009-03-22 10:00:00;4020;83;6;"RHONE_525"
2009-03-22 11:00:00;4080;76;6;"RHONE_525"
2009-03-22 12:00:00;4140;74;6;"RHONE_525"
2009-03-22 13:00:00;4200;79;6;"RHONE_525"
2009-03-22 14:00:00;4260;83;6;"RHONE_525"
2009-03-22 15:00:00;4320;83;6;"RHONE_525"
2009-03-22 16:00:00;4380;82;6;"RHONE_525"
2009-03-22 17:00:00;4440;83;6;"RHONE_525"
2009-03-22 18:00:00;4500;82;6;"RHONE_525"
2009-03-22 19:00:00;4560;82;6;"RHONE_525"
2009-03-22 20:00:00;4620;82;6;"RHONE_525"
2009-03-22 21:00:00;4680;83;6;"RHONE_525"
2009-03-22 22:00:00;4740;82;6;"RHONE_525"
2009-03-22 23:00:00;4800;82;6;"RHONE_525"
2009-03-23;4860;82;6;"RHONE_525"
2009-03-23 01:00:00;4920;82;6;"RHONE_525"
2009-03-23 02:00:00;4980;82;6;"RHONE_525"
2009-03-23 03:00:00;5040;81;6;"RHONE_525"
2009-03-23 04:00:00;5100;76;6;"RHONE_525"
2009-03-23 05:00:00;5160;68;6;"RHONE_525"
2009-03-23 06:00:00;5220;61;6;"RHONE_525"
2009-03-23 07:00:00;5280;56;6;"RHONE_525"
2009-03-23 08:00:00;5340;56;6;"RHONE_525"
2009-03-23 09:00:00;5400;62;6;"RHONE_525"
2009-03-23 10:00:00;5460;73;6;"RHONE_525"
2009-03-23 11:00:00;5520;84;6;"RHONE_525"
2009-03-23 12:00:00;5580;92;6;"RHONE_525"
2009-03-23 13:00:00;5640;100;6;"RHONE_525"
2009-03-23 14:00:00;5700;110;6;"RHONE_525"
2009-03-23 15:00:00;5760;120;6;"RHONE_525"
2009-03-23 16:00:00;5820;132;6;"RHONE_525"
2009-03-23 17:00:00;5880;140;6;"RHONE_525"
2009-03-23 18:00:00;5940;141;6;"RHONE_525"
2009-03-23 19:00:00;6000;134;6;"RHONE_525"
2009-03-23 20:00:00;6060;119;6;"RHONE_525"
2009-03-23 21:00:00;6120;104;6;"RHONE_525"
2009-03-23 22:00:00;6180;95;6;"RHONE_525"
2009-03-23 23:00:00;6240;89;6;"RHONE_525"
2009-03-24;6300;83;6;"RHONE_525"
2009-03-24 01:00:00;6360;74;6;"RHONE_525"
2009-03-24 02:00:00;6420;67;6;"RHONE_525"
2009-03-24 03:00:00;6480;61;6;"RHONE_525"
2009-03-24 04:00:00;6540;61;6;"RHONE_525"
2009-03-24 05:00:00;6600;72;6;"RHONE_525"
2009-03-24 06:00:00;6660;89;6;"RHONE_525"
2009-03-24 07:00:00;6720;99;6;"RHONE_525"
2009-03-24 08:00:00;6780;101;6;"RHONE_525"
2009-03-24 09:00:00;6840;103;6;"RHONE_525"
2009-03-24 10:00:00;6900;102;6;"RHONE_525"
2009-03-24 11:00:00;6960;106;6;"RHONE_525"
2009-03-24 12:00:00;7020;109;6;"RHONE_525"
2009-03-24 13:00:00;7080;116;6;"RHONE_525"
2009-03-24 14:00:00;7140;126;6;"RHONE_525"
2009-03-24 15:00:00;7200;132;6;"RHONE_525"
2009-03-24 16:00:00;7260;139;6;"RHONE_525"
2009-03-24 17:00:00;7320;143;6;"RHONE_525"
2009-03-24 18:00:00;7380;146;6;"RHONE_525"
2009-03-24 19:00:00;7440;152;6;"RHONE_525"
2009-03-24 20:00:00;7500;155;6;"RHONE_525"
2009-03-24 21:00:00;7560;155;6;"RHONE_525"
2009-03-24 22:00:00;7620;155;6;"RHONE_525"
2009-03-24 23:00:00;7680;154;6;"RHONE_525"
2009-03-25;7740;157;6;"RHONE_525"
2009-03-25 01:00:00;7800;155;6;"RHONE_525"
2009-03-25 02:00:00;7860;150;6;"RHONE_525"
2009-03-25 03:00:00;7920;137;6;"RHONE_525"
2009-03-25 04:00:00;7980;123;6;"RHONE_525"
2009-03-25 05:00:00;8040;108;6;"RHONE_525"
2009-03-25 06:00:00;8100;93;6;"RHONE_525"
2009-03-25 07:00:00;8160;83;6;"RHONE_525"
2009-03-25 08:00:00;8220;78;6;"RHONE_525"
2009-03-25 09:00:00;8280;75;6;"RHONE_525"
2009-03-25 10:00:00;8340;73;6;"RHONE_525"
2009-03-25 11:00:00;8400;70;6;"RHONE_525"
2009-03-25 12:00:00;8460;67;6;"RHONE_525"
2009-03-25 13:00:00;8520;71;6;"RHONE_525"
2009-03-25 14:00:00;8580;82;6;"RHONE_525"
2009-03-25 15:00:00;8640;91;6;"RHONE_525"
2009-03-25 16:00:00;8700;102;6;"RHONE_525"
2009-03-25 17:00:00;8760;107;6;"RHONE_525"
2009-03-25 18:00:00;8820;115;6;"RHONE_525"
2009-03-25 19:00:00;8880;127;6;"RHONE_525"
2009-03-25 20:00:00;8940;145;6;"RHONE_525"
2009-03-25 21:00:00;9000;170;6;"RHONE_525"
2009-03-25 22:00:00;9060;194;6;"RHONE_525"
2009-03-25 23:00:00;9120;202;6;"RHONE_525"
2009-03-26;9180;205;6;"RHONE_525"
2009-03-26 01:00:00;9240;206;6;"RHONE_525"
2009-03-26 02:00:00;9300;199;6;"RHONE_525"
2009-03-26 03:00:00;9360;178;6;"RHONE_525"
2009-03-26 04:00:00;9420;158;6;"RHONE_525"
2009-03-26 05:00:00;9480;149;6;"RHONE_525"
2009-03-26 06:00:00;9540;144;6;"RHONE_525"
2009-03-26 07:00:00;9600;139;6;"RHONE_525"
2009-03-26 08:00:00;9660;136;6;"RHONE_525"
2009-03-26 09:00:00;9720;131;6;"RHONE_525"
2009-03-26 10:00:00;9780;133;6;"RHONE_525"
2009-03-26 11:00:00;9840;133;6;"RHONE_525"
2009-03-26 12:00:00;9900;135;6;"RHONE_525"
2009-03-26 13:00:00;9960;135;6;"RHONE_525"
2009-03-26 14:00:00;10020;134;6;"RHONE_525"
2009-03-26 15:00:00;10080;137;6;"RHONE_525"
2009-03-26 16:00:00;10140;138;6;"RHONE_525"
2009-03-26 17:00:00;10200;138;6;"RHONE_525"
2009-03-26 18:00:00;10260;138;6;"RHONE_525"
2009-03-26 19:00:00;10320;139;6;"RHONE_525"
2009-03-26 20:00:00;10380;141;6;"RHONE_525"
2009-03-26 21:00:00;10440;139;6;"RHONE_525"
2009-03-26 22:00:00;10500;135;6;"RHONE_525"
2009-03-26 23:00:00;10560;133;6;"RHONE_525"
2009-03-27;10620;130;6;"RHONE_525"
2009-03-27 01:00:00;10680;129;6;"RHONE_525"
2009-03-27 02:00:00;10740;129;6;"RHONE_525"
2009-03-27 03:00:00;10800;126;6;"RHONE_525"
2009-03-27 04:00:00;10860;126;6;"RHONE_525"
2009-03-27 05:00:00;10920;127;6;"RHONE_525"
2009-03-27 06:00:00;10980;123;6;"RHONE_525"
2009-03-27 07:00:00;11040;117;6;"RHONE_525"
2009-03-27 08:00:00;11100;111;6;"RHONE_525"
2009-03-27 09:00:00;11160;106;6;"RHONE_525"
2009-03-27 10:00:00;11220;106;6;"RHONE_525"
2009-03-27 11:00:00;11280;106;6;"RHONE_525"
2009-03-27 12:00:00;11340;106;6;"RHONE_525"
2009-03-27 13:00:00;11400;107;6;"RHONE_525"
2009-03-27 14:00:00;11460;106;6;"RHONE_525"
2009-03-27 15:00:00;11520;105;6;"RHONE_525"
2009-03-27 16:00:00;11580;103;6;"RHONE_525"
2009-03-27 17:00:00;11640;99;6;"RHONE_525"
2009-03-27 18:00:00;11700;93;6;"RHONE_525"
2009-03-27 19:00:00;11760;90;6;"RHONE_525"
2009-03-27 20:00:00;11820;88;6;"RHONE_525"
2009-03-27 21:00:00;11880;87;6;"RHONE_525"
2009-03-27 22:00:00;11940;87;6;"RHONE_525"
2009-03-27 23:00:00;12000;87;6;"RHONE_525"
2009-03-28;12060;94;6;"RHONE_525"
2009-03-28 01:00:00;12120;111;6;"RHONE_525"
2009-03-28 02:00:00;12180;124;6;"RHONE_525"
2009-03-28 03:00:00;12240;129;6;"RHONE_525"
2009-03-28 04:00:00;12300;131;6;"RHONE_525"
2009-03-28 05:00:00;12360;132;6;"RHONE_525"
2009-03-28 06:00:00;12420;135;6;"RHONE_525"
2009-03-28 07:00:00;12480;140;6;"RHONE_525"
2009-03-28 08:00:00;12540;141;6;"RHONE_525"
2009-03-28 09:00:00;12600;139;6;"RHONE_525"
2009-03-28 10:00:00;12660;139;6;"RHONE_525"
2009-03-28 11:00:00;12720;138;6;"RHONE_525"
2009-03-28 12:00:00;12780;141;6;"RHONE_525"
2009-03-28 13:00:00;12840;142;6;"RHONE_525"
2009-03-28 14:00:00;12900;142;6;"RHONE_525"
2009-03-28 15:00:00;12960;144;6;"RHONE_525"
2009-03-28 16:00:00;13020;142;6;"RHONE_525"
2009-03-28 17:00:00;13080;143;6;"RHONE_525"
2009-03-28 18:00:00;13140;142;6;"RHONE_525"
2009-03-28 19:00:00;13200;145;6;"RHONE_525"
2009-03-28 20:00:00;13260;144;6;"RHONE_525"
2009-03-28 21:00:00;13320;145;6;"RHONE_525"
2009-03-28 22:00:00;13380;146;6;"RHONE_525"
2009-03-28 23:00:00;13440;147;6;"RHONE_525"
2009-03-29;13500;147;6;"RHONE_525"
2009-03-29 01:00:00;13560;153;6;"RHONE_525"
2009-03-29 02:00:00;13620;155;6;"RHONE_525"
2009-03-29 03:00:00;13680;155;6;"RHONE_525"
2009-03-29 04:00:00;13740;160;6;"RHONE_525"
2009-03-29 05:00:00;13800;170;6;"RHONE_525"
2009-03-29 06:00:00;13860;177;6;"RHONE_525"
2009-03-29 07:00:00;13920;180;6;"RHONE_525"
2009-03-29 08:00:00;13980;180;6;"RHONE_525"
2009-03-29 09:00:00;14040;178;6;"RHONE_525"
2009-03-29 10:00:00;14100;183;6;"RHONE_525"
2009-03-29 11:00:00;14160;183;6;"RHONE_525"
2009-03-29 12:00:00;14220;188;6;"RHONE_525"
2009-03-29 13:00:00;14280;188;6;"RHONE_525"
2009-03-29 14:00:00;14340;190;6;"RHONE_525"
2009-03-29 15:00:00;14400;192;6;"RHONE_525"
2010-02-21 13:00:00;0;158;7;"RHONE_750"
2010-02-21 14:00:00;60;158;7;"RHONE_750"
2010-02-21 15:00:00;120;157;7;"RHONE_750"
2010-02-21 16:00:00;180;150;7;"RHONE_750"
2010-02-21 17:00:00;240;137;7;"RHONE_750"
2010-02-21 18:00:00;300;125;7;"RHONE_750"
2010-02-21 19:00:00;360;118;7;"RHONE_750"
2010-02-21 20:00:00;420;114;7;"RHONE_750"
2010-02-21 21:00:00;480;113;7;"RHONE_750"
2010-02-21 22:00:00;540;114;7;"RHONE_750"
2010-02-21 23:00:00;600;113;7;"RHONE_750"
2010-02-22;660;113;7;"RHONE_750"
2010-02-22 01:00:00;720;109;7;"RHONE_750"
2010-02-22 02:00:00;780;107;7;"RHONE_750"
2010-02-22 03:00:00;840;113;7;"RHONE_750"
2010-02-22 04:00:00;900;117;7;"RHONE_750"
2010-02-22 05:00:00;960;114;7;"RHONE_750"
2010-02-22 06:00:00;1020;112;7;"RHONE_750"
2010-02-22 07:00:00;1080;111;7;"RHONE_750"
2010-02-22 08:00:00;1140;110;7;"RHONE_750"
2010-02-22 09:00:00;1200;110;7;"RHONE_750"
2010-02-22 10:00:00;1260;110;7;"RHONE_750"
2010-02-22 11:00:00;1320;113;7;"RHONE_750"
2010-02-22 12:00:00;1380;122;7;"RHONE_750"
2010-02-22 13:00:00;1440;130;7;"RHONE_750"
2010-02-22 14:00:00;1500;131;7;"RHONE_750"
2010-02-22 15:00:00;1560;126;7;"RHONE_750"
2010-02-22 16:00:00;1620;116;7;"RHONE_750"
2010-02-22 17:00:00;1680;108;7;"RHONE_750"
2010-02-22 18:00:00;1740;104;7;"RHONE_750"
2010-02-22 19:00:00;1800;99;7;"RHONE_750"
2010-02-22 20:00:00;1860;93;7;"RHONE_750"
2010-02-22 21:00:00;1920;89;7;"RHONE_750"
2010-02-22 22:00:00;1980;89;7;"RHONE_750"
2010-02-22 23:00:00;2040;89;7;"RHONE_750"
2010-02-23;2100;88;7;"RHONE_750"
2010-02-23 01:00:00;2160;86;7;"RHONE_750"
2010-02-23 02:00:00;2220;84;7;"RHONE_750"
2010-02-23 03:00:00;2280;83;7;"RHONE_750"
2010-02-23 04:00:00;2340;83;7;"RHONE_750"
2010-02-23 05:00:00;2400;82;7;"RHONE_750"
2010-02-23 06:00:00;2460;82;7;"RHONE_750"
2010-02-23 07:00:00;2520;88;7;"RHONE_750"
2010-02-23 08:00:00;2580;104;7;"RHONE_750"
2010-02-23 09:00:00;2640;115;7;"RHONE_750"
2010-02-23 10:00:00;2700;119;7;"RHONE_750"
2010-02-23 11:00:00;2760;122;7;"RHONE_750"
2010-02-23 12:00:00;2820;125;7;"RHONE_750"
2010-02-23 13:00:00;2880;132;7;"RHONE_750"
2010-02-23 14:00:00;2940;146;7;"RHONE_750"
2010-02-23 15:00:00;3000;156;7;"RHONE_750"
2010-02-23 16:00:00;3060;162;7;"RHONE_750"
2010-02-23 17:00:00;3120;165;7;"RHONE_750"
2010-02-23 18:00:00;3180;167;7;"RHONE_750"
2010-02-23 19:00:00;3240;170;7;"RHONE_750"
2010-02-23 20:00:00;3300;174;7;"RHONE_750"
2010-02-23 21:00:00;3360;177;7;"RHONE_750"
2010-02-23 22:00:00;3420;182;7;"RHONE_750"
2010-02-23 23:00:00;3480;188;7;"RHONE_750"
2010-02-24;3540;191;7;"RHONE_750"
2010-02-24 01:00:00;3600;196;7;"RHONE_750"
2010-02-24 02:00:00;3660;202;7;"RHONE_750"
2010-02-24 03:00:00;3720;210;7;"RHONE_750"
2010-02-24 04:00:00;3780;214;7;"RHONE_750"
2010-02-24 05:00:00;3840;216;7;"RHONE_750"
2010-02-24 06:00:00;3900;217;7;"RHONE_750"
2010-02-24 07:00:00;3960;219;7;"RHONE_750"
2010-02-24 08:00:00;4020;230;7;"RHONE_750"
2010-02-24 09:00:00;4080;242;7;"RHONE_750"
2010-02-24 10:00:00;4140;249;7;"RHONE_750"
2010-02-24 11:00:00;4200;253;7;"RHONE_750"
2010-02-24 12:00:00;4260;254;7;"RHONE_750"
2010-02-24 13:00:00;4320;252;7;"RHONE_750"
2010-02-24 14:00:00;4380;247;7;"RHONE_750"
2010-02-24 15:00:00;4440;244;7;"RHONE_750"
2010-02-24 16:00:00;4500;243;7;"RHONE_750"
2010-02-24 17:00:00;4560;249;7;"RHONE_750"
2010-02-24 18:00:00;4620;262;7;"RHONE_750"
2010-02-24 19:00:00;4680;273;7;"RHONE_750"
2010-02-24 20:00:00;4740;278;7;"RHONE_750"
2010-02-24 21:00:00;4800;281;7;"RHONE_750"
2010-02-24 22:00:00;4860;282;7;"RHONE_750"
2010-02-24 23:00:00;4920;285;7;"RHONE_750"
2010-02-25;4980;285;7;"RHONE_750"
2010-02-25 01:00:00;5040;286;7;"RHONE_750"
2010-02-25 02:00:00;5100;287;7;"RHONE_750"
2010-02-25 03:00:00;5160;288;7;"RHONE_750"
2010-02-25 04:00:00;5220;290;7;"RHONE_750"
2010-02-25 05:00:00;5280;290;7;"RHONE_750"
2010-02-25 06:00:00;5340;291;7;"RHONE_750"
2010-02-25 07:00:00;5400;289;7;"RHONE_750"
2010-02-25 08:00:00;5460;290;7;"RHONE_750"
2010-02-25 09:00:00;5520;292;7;"RHONE_750"
2010-02-25 10:00:00;5580;291;7;"RHONE_750"
2010-02-25 11:00:00;5640;291;7;"RHONE_750"
2010-02-25 12:00:00;5700;292;7;"RHONE_750"
2010-02-25 13:00:00;5760;294;7;"RHONE_750"
2010-02-25 14:00:00;5820;291;7;"RHONE_750"
2010-02-25 15:00:00;5880;291;7;"RHONE_750"
2010-02-25 16:00:00;5940;289;7;"RHONE_750"
2010-02-25 17:00:00;6000;287;7;"RHONE_750"
2010-02-25 18:00:00;6060;285;7;"RHONE_750"
2010-02-25 19:00:00;6120;276;7;"RHONE_750"
2010-02-25 20:00:00;6180;263;7;"RHONE_750"
2010-02-25 21:00:00;6240;251;7;"RHONE_750"
2010-02-25 22:00:00;6300;245;7;"RHONE_750"
2010-02-25 23:00:00;6360;242;7;"RHONE_750"
2010-02-26;6420;241;7;"RHONE_750"
2010-02-26 01:00:00;6480;241;7;"RHONE_750"
2010-02-26 02:00:00;6540;241;7;"RHONE_750"
2010-02-26 03:00:00;6600;241;7;"RHONE_750"
2010-02-26 04:00:00;6660;243;7;"RHONE_750"
2010-02-26 05:00:00;6720;245;7;"RHONE_750"
2010-02-26 06:00:00;6780;249;7;"RHONE_750"
2010-02-26 07:00:00;6840;253;7;"RHONE_750"
2010-02-26 08:00:00;6900;258;7;"RHONE_750"
2010-02-26 09:00:00;6960;266;7;"RHONE_750"
2010-02-26 10:00:00;7020;279;7;"RHONE_750"
2010-02-26 11:00:00;7080;292;7;"RHONE_750"
2010-02-26 12:00:00;7140;301;7;"RHONE_750"
2010-02-26 13:00:00;7200;308;7;"RHONE_750"
2010-02-26 14:00:00;7260;313;7;"RHONE_750"
2010-02-26 15:00:00;7320;308;7;"RHONE_750"
2010-02-26 16:00:00;7380;302;7;"RHONE_750"
2010-02-26 17:00:00;7440;307;7;"RHONE_750"
2010-02-26 18:00:00;7500;317;7;"RHONE_750"
2010-02-26 19:00:00;7560;324;7;"RHONE_750"
2010-02-26 20:00:00;7620;327;7;"RHONE_750"
2010-02-26 21:00:00;7680;326;7;"RHONE_750"
2010-02-26 22:00:00;7740;323;7;"RHONE_750"
2010-02-26 23:00:00;7800;315;7;"RHONE_750"
2010-02-27;7860;302;7;"RHONE_750"
2010-02-27 01:00:00;7920;288;7;"RHONE_750"
2010-02-27 02:00:00;7980;286;7;"RHONE_750"
2010-02-27 03:00:00;8040;295;7;"RHONE_750"
2010-02-27 04:00:00;8100;304;7;"RHONE_750"
2010-02-27 05:00:00;8160;309;7;"RHONE_750"
2010-02-27 06:00:00;8220;311;7;"RHONE_750"
2010-02-27 07:00:00;8280;311;7;"RHONE_750"
2010-02-27 08:00:00;8340;310;7;"RHONE_750"
2010-02-27 09:00:00;8400;309;7;"RHONE_750"
2010-02-27 10:00:00;8460;309;7;"RHONE_750"
2010-02-27 11:00:00;8520;309;7;"RHONE_750"
2010-02-27 12:00:00;8580;309;7;"RHONE_750"
2010-02-27 13:00:00;8640;307;7;"RHONE_750"
2010-02-27 14:00:00;8700;306;7;"RHONE_750"
2010-02-27 15:00:00;8760;304;7;"RHONE_750"
2010-02-27 16:00:00;8820;302;7;"RHONE_750"
2010-02-27 17:00:00;8880;301;7;"RHONE_750"
2010-02-27 18:00:00;8940;300;7;"RHONE_750"
2010-02-27 19:00:00;9000;299;7;"RHONE_750"
2010-02-27 20:00:00;9060;298;7;"RHONE_750"
2010-02-27 21:00:00;9120;296;7;"RHONE_750"
2010-02-27 22:00:00;9180;289;7;"RHONE_750"
2010-02-27 23:00:00;9240;278;7;"RHONE_750"
2010-02-28;9300;264;7;"RHONE_750"
2010-02-28 01:00:00;9360;246;7;"RHONE_750"
2010-02-28 02:00:00;9420;230;7;"RHONE_750"
2010-02-28 03:00:00;9480;223;7;"RHONE_750"
2010-02-28 04:00:00;9540;220;7;"RHONE_750"
2010-02-28 05:00:00;9600;216;7;"RHONE_750"
2010-02-28 06:00:00;9660;211;7;"RHONE_750"
2010-02-28 07:00:00;9720;208;7;"RHONE_750"
2010-02-28 08:00:00;9780;207;7;"RHONE_750"
2010-02-28 09:00:00;9840;206;7;"RHONE_750"
2010-02-28 10:00:00;9900;205;7;"RHONE_750"
2010-02-28 11:00:00;9960;206;7;"RHONE_750"
2010-02-28 12:00:00;10020;205;7;"RHONE_750"
2010-02-28 13:00:00;10080;204;7;"RHONE_750"
2010-02-28 14:00:00;10140;205;7;"RHONE_750"
2010-02-28 15:00:00;10200;205;7;"RHONE_750"
2010-02-28 16:00:00;10260;204;7;"RHONE_750"
2010-02-28 17:00:00;10320;203;7;"RHONE_750"
2010-02-28 18:00:00;10380;203;7;"RHONE_750"
2010-02-28 19:00:00;10440;204;7;"RHONE_750"
2010-02-28 20:00:00;10500;204;7;"RHONE_750"
2010-02-28 21:00:00;10560;204;7;"RHONE_750"
2010-02-28 22:00:00;10620;203;7;"RHONE_750"
2010-02-28 23:00:00;10680;203;7;"RHONE_750"
2010-03-01;10740;203;7;"RHONE_750"
2010-03-01 01:00:00;10800;201;7;"RHONE_750"
2010-03-01 02:00:00;10860;201;7;"RHONE_750"
2010-03-01 03:00:00;10920;200;7;"RHONE_750"
2010-03-01 04:00:00;10980;199;7;"RHONE_750"
2010-03-01 05:00:00;11040;198;7;"RHONE_750"
2010-03-01 06:00:00;11100;199;7;"RHONE_750"
2010-03-01 07:00:00;11160;198;7;"RHONE_750"
2010-03-01 08:00:00;11220;198;7;"RHONE_750"
2010-03-01 09:00:00;11280;198;7;"RHONE_750"
2010-03-01 10:00:00;11340;197;7;"RHONE_750"
2010-03-01 11:00:00;11400;198;7;"RHONE_750"
2010-03-01 12:00:00;11460;198;7;"RHONE_750"
2010-03-01 13:00:00;11520;197;7;"RHONE_750"
2010-03-01 14:00:00;11580;199;7;"RHONE_750"
2010-03-01 15:00:00;11640;204;7;"RHONE_750"
2010-03-01 16:00:00;11700;206;7;"RHONE_750"
2010-03-01 17:00:00;11760;207;7;"RHONE_750"
2010-03-01 18:00:00;11820;207;7;"RHONE_750"
2010-03-01 19:00:00;11880;208;7;"RHONE_750"
2010-03-01 20:00:00;11940;210;7;"RHONE_750"
2010-03-01 21:00:00;12000;214;7;"RHONE_750"
2010-03-01 22:00:00;12060;217;7;"RHONE_750"
2010-03-01 23:00:00;12120;218;7;"RHONE_750"
2010-03-02;12180;216;7;"RHONE_750"
2010-03-02 01:00:00;12240;215;7;"RHONE_750"
2010-03-02 02:00:00;12300;215;7;"RHONE_750"
2010-03-02 03:00:00;12360;214;7;"RHONE_750"
2010-03-02 04:00:00;12420;214;7;"RHONE_750"
2010-03-02 05:00:00;12480;214;7;"RHONE_750"
2010-03-02 06:00:00;12540;215;7;"RHONE_750"
2010-03-02 07:00:00;12600;214;7;"RHONE_750"
2010-03-02 08:00:00;12660;215;7;"RHONE_750"
2010-03-02 09:00:00;12720;215;7;"RHONE_750"
2010-03-02 10:00:00;12780;215;7;"RHONE_750"
2010-03-02 11:00:00;12840;217;7;"RHONE_750"
2010-03-02 12:00:00;12900;217;7;"RHONE_750"
2010-03-02 13:00:00;12960;214;7;"RHONE_750"
2010-03-02 14:00:00;13020;207;7;"RHONE_750"
2010-03-02 15:00:00;13080;198;7;"RHONE_750"
2010-03-02 16:00:00;13140;190;7;"RHONE_750"
2010-03-02 17:00:00;13200;187;7;"RHONE_750"
2010-03-02 18:00:00;13260;185;7;"RHONE_750"
2010-03-02 19:00:00;13320;183;7;"RHONE_750"
2010-03-02 20:00:00;13380;181;7;"RHONE_750"
2010-03-02 21:00:00;13440;181;7;"RHONE_750"
2010-03-02 22:00:00;13500;180;7;"RHONE_750"
2010-03-02 23:00:00;13560;180;7;"RHONE_750"
2010-03-03;13620;179;7;"RHONE_750"
2010-03-03 01:00:00;13680;177;7;"RHONE_750"
2010-03-03 02:00:00;13740;171;7;"RHONE_750"
2010-03-03 03:00:00;13800;158;7;"RHONE_750"
2010-03-03 04:00:00;13860;145;7;"RHONE_750"
2010-03-03 05:00:00;13920;135;7;"RHONE_750"
2010-03-03 06:00:00;13980;128;7;"RHONE_750"
2010-03-03 07:00:00;14040;125;7;"RHONE_750"
2010-03-03 08:00:00;14100;126;7;"RHONE_750"
2010-03-03 09:00:00;14160;127;7;"RHONE_750"
2010-03-03 10:00:00;14220;127;7;"RHONE_750"
2010-03-03 11:00:00;14280;126;7;"RHONE_750"
2010-03-03 12:00:00;14340;129;7;"RHONE_750"
2010-03-03 13:00:00;14400;135;7;"RHONE_750"
2010-12-03 10:00:00;0;122;3;"RHONE_1350"
2010-12-03 11:00:00;60;119;3;"RHONE_1350"
2010-12-03 12:00:00;120;116;3;"RHONE_1350"
2010-12-03 13:00:00;180;115;3;"RHONE_1350"
2010-12-03 14:00:00;240;116;3;"RHONE_1350"
2010-12-03 15:00:00;300;118;3;"RHONE_1350"
2010-12-03 16:00:00;360;119;3;"RHONE_1350"
2010-12-03 17:00:00;420;120;3;"RHONE_1350"
2010-12-03 18:00:00;480;121;3;"RHONE_1350"
2010-12-03 19:00:00;540;121;3;"RHONE_1350"
2010-12-03 20:00:00;600;121;3;"RHONE_1350"
2010-12-03 21:00:00;660;121;3;"RHONE_1350"
2010-12-03 22:00:00;720;125;3;"RHONE_1350"
2010-12-03 23:00:00;780;136;3;"RHONE_1350"
2010-12-04;840;147;3;"RHONE_1350"
2010-12-04 01:00:00;900;152;3;"RHONE_1350"
2010-12-04 02:00:00;960;154;3;"RHONE_1350"
2010-12-04 03:00:00;1020;157;3;"RHONE_1350"
2010-12-04 04:00:00;1080;163;3;"RHONE_1350"
2010-12-04 05:00:00;1140;168;3;"RHONE_1350"
2010-12-04 06:00:00;1200;167;3;"RHONE_1350"
2010-12-04 07:00:00;1260;158;3;"RHONE_1350"
2010-12-04 08:00:00;1320;148;3;"RHONE_1350"
2010-12-04 09:00:00;1380;140;3;"RHONE_1350"
2010-12-04 10:00:00;1440;132;3;"RHONE_1350"
2010-12-04 11:00:00;1500;125;3;"RHONE_1350"
2010-12-04 12:00:00;1560;119;3;"RHONE_1350"
2010-12-04 13:00:00;1620;117;3;"RHONE_1350"
2010-12-04 14:00:00;1680;115;3;"RHONE_1350"
2010-12-04 15:00:00;1740;113;3;"RHONE_1350"
2010-12-04 16:00:00;1800;113;3;"RHONE_1350"
2010-12-04 17:00:00;1860;112;3;"RHONE_1350"
2010-12-04 18:00:00;1920;112;3;"RHONE_1350"
2010-12-04 19:00:00;1980;112;3;"RHONE_1350"
2010-12-04 20:00:00;2040;111;3;"RHONE_1350"
2010-12-04 21:00:00;2100;111;3;"RHONE_1350"
2010-12-04 22:00:00;2160;112;3;"RHONE_1350"
2010-12-04 23:00:00;2220;113;3;"RHONE_1350"
2010-12-05;2280;117;3;"RHONE_1350"
2010-12-05 01:00:00;2340;124;3;"RHONE_1350"
2010-12-05 02:00:00;2400;128;3;"RHONE_1350"
2010-12-05 03:00:00;2460;131;3;"RHONE_1350"
2010-12-05 04:00:00;2520;134;3;"RHONE_1350"
2010-12-05 05:00:00;2580;136;3;"RHONE_1350"
2010-12-05 06:00:00;2640;139;3;"RHONE_1350"
2010-12-05 07:00:00;2700;141;3;"RHONE_1350"
2010-12-05 08:00:00;2760;140;3;"RHONE_1350"
2010-12-05 09:00:00;2820;133;3;"RHONE_1350"
2010-12-05 10:00:00;2880;124;3;"RHONE_1350"
2010-12-05 11:00:00;2940;112;3;"RHONE_1350"
2010-12-05 12:00:00;3000;99;3;"RHONE_1350"
2010-12-05 13:00:00;3060;90;3;"RHONE_1350"
2010-12-05 14:00:00;3120;86;3;"RHONE_1350"
2010-12-05 15:00:00;3180;83;3;"RHONE_1350"
2010-12-05 16:00:00;3240;81;3;"RHONE_1350"
2010-12-05 17:00:00;3300;80;3;"RHONE_1350"
2010-12-05 18:00:00;3360;79;3;"RHONE_1350"
2010-12-05 19:00:00;3420;79;3;"RHONE_1350"
2010-12-05 20:00:00;3480;81;3;"RHONE_1350"
2010-12-05 21:00:00;3540;90;3;"RHONE_1350"
2010-12-05 22:00:00;3600;101;3;"RHONE_1350"
2010-12-05 23:00:00;3660;109;3;"RHONE_1350"
2010-12-06;3720;120;3;"RHONE_1350"
2010-12-06 01:00:00;3780;145;3;"RHONE_1350"
2010-12-06 02:00:00;3840;176;3;"RHONE_1350"
2010-12-06 03:00:00;3900;199;3;"RHONE_1350"
2010-12-06 04:00:00;3960;214;3;"RHONE_1350"
2010-12-06 05:00:00;4020;222;3;"RHONE_1350"
2010-12-06 06:00:00;4080;221;3;"RHONE_1350"
2010-12-06 07:00:00;4140;223;3;"RHONE_1350"
2010-12-06 08:00:00;4200;232;3;"RHONE_1350"
2010-12-06 09:00:00;4260;246;3;"RHONE_1350"
2010-12-06 10:00:00;4320;258;3;"RHONE_1350"
2010-12-06 11:00:00;4380;269;3;"RHONE_1350"
2010-12-06 12:00:00;4440;280;3;"RHONE_1350"
2010-12-06 13:00:00;4500;292;3;"RHONE_1350"
2010-12-06 14:00:00;4560;307;3;"RHONE_1350"
2010-12-06 15:00:00;4620;321;3;"RHONE_1350"
2010-12-06 16:00:00;4680;335;3;"RHONE_1350"
2010-12-06 17:00:00;4740;347;3;"RHONE_1350"
2010-12-06 18:00:00;4800;357;3;"RHONE_1350"
2010-12-06 19:00:00;4860;370;3;"RHONE_1350"
2010-12-06 20:00:00;4920;394;3;"RHONE_1350"
2010-12-06 21:00:00;4980;427;3;"RHONE_1350"
2010-12-06 22:00:00;5040;469;3;"RHONE_1350"
2010-12-06 23:00:00;5100;505;3;"RHONE_1350"
2010-12-07;5160;536;3;"RHONE_1350"
2010-12-07 01:00:00;5220;565;3;"RHONE_1350"
2010-12-07 02:00:00;5280;585;3;"RHONE_1350"
2010-12-07 03:00:00;5340;601;3;"RHONE_1350"
2010-12-07 04:00:00;5400;618;3;"RHONE_1350"
2010-12-07 05:00:00;5460;639;3;"RHONE_1350"
2010-12-07 06:00:00;5520;659;3;"RHONE_1350"
2010-12-07 07:00:00;5580;675;3;"RHONE_1350"
2010-12-07 08:00:00;5640;686;3;"RHONE_1350"
2010-12-07 09:00:00;5700;695;3;"RHONE_1350"
2010-12-07 10:00:00;5760;702;3;"RHONE_1350"
2010-12-07 11:00:00;5820;708;3;"RHONE_1350"
2010-12-07 12:00:00;5880;718;3;"RHONE_1350"
2010-12-07 13:00:00;5940;730;3;"RHONE_1350"
2010-12-07 14:00:00;6000;739;3;"RHONE_1350"
2010-12-07 15:00:00;6060;748;3;"RHONE_1350"
2010-12-07 16:00:00;6120;758;3;"RHONE_1350"
2010-12-07 17:00:00;6180;769;3;"RHONE_1350"
2010-12-07 18:00:00;6240;774;3;"RHONE_1350"
2010-12-07 19:00:00;6300;779;3;"RHONE_1350"
2010-12-07 20:00:00;6360;776;3;"RHONE_1350"
2010-12-07 21:00:00;6420;763;3;"RHONE_1350"
2010-12-07 22:00:00;6480;738;3;"RHONE_1350"
2010-12-07 23:00:00;6540;702;3;"RHONE_1350"
2010-12-08;6600;653;3;"RHONE_1350"
2010-12-08 01:00:00;6660;599;3;"RHONE_1350"
2010-12-08 02:00:00;6720;550;3;"RHONE_1350"
2010-12-08 03:00:00;6780;511;3;"RHONE_1350"
2010-12-08 04:00:00;6840;485;3;"RHONE_1350"
2010-12-08 05:00:00;6900;470;3;"RHONE_1350"
2010-12-08 06:00:00;6960;460;3;"RHONE_1350"
2010-12-08 07:00:00;7020;451;3;"RHONE_1350"
2010-12-08 08:00:00;7080;445;3;"RHONE_1350"
2010-12-08 09:00:00;7140;431;3;"RHONE_1350"
2010-12-08 10:00:00;7200;416;3;"RHONE_1350"
2010-12-08 11:00:00;7260;401;3;"RHONE_1350"
2010-12-08 12:00:00;7320;390;3;"RHONE_1350"
2010-12-08 13:00:00;7380;381;3;"RHONE_1350"
2010-12-08 14:00:00;7440;375;3;"RHONE_1350"
2010-12-08 15:00:00;7500;372;3;"RHONE_1350"
2010-12-08 16:00:00;7560;374;3;"RHONE_1350"
2010-12-08 17:00:00;7620;378;3;"RHONE_1350"
2010-12-08 18:00:00;7680;385;3;"RHONE_1350"
2010-12-08 19:00:00;7740;391;3;"RHONE_1350"
2010-12-08 20:00:00;7800;392;3;"RHONE_1350"
2010-12-08 21:00:00;7860;392;3;"RHONE_1350"
2010-12-08 22:00:00;7920;389;3;"RHONE_1350"
2010-12-08 23:00:00;7980;382;3;"RHONE_1350"
2010-12-09;8040;377;3;"RHONE_1350"
2010-12-09 01:00:00;8100;377;3;"RHONE_1350"
2010-12-09 02:00:00;8160;378;3;"RHONE_1350"
2010-12-09 03:00:00;8220;374;3;"RHONE_1350"
2010-12-09 04:00:00;8280;366;3;"RHONE_1350"
2010-12-09 05:00:00;8340;350;3;"RHONE_1350"
2010-12-09 06:00:00;8400;335;3;"RHONE_1350"
2010-12-09 07:00:00;8460;337;3;"RHONE_1350"
2010-12-09 08:00:00;8520;343;3;"RHONE_1350"
2010-12-09 09:00:00;8580;348;3;"RHONE_1350"
2010-12-09 10:00:00;8640;349;3;"RHONE_1350"
2010-12-09 11:00:00;8700;351;3;"RHONE_1350"
2010-12-09 12:00:00;8760;359;3;"RHONE_1350"
2010-12-09 13:00:00;8820;371;3;"RHONE_1350"
2010-12-09 14:00:00;8880;386;3;"RHONE_1350"
2010-12-09 15:00:00;8940;402;3;"RHONE_1350"
2010-12-09 16:00:00;9000;412;3;"RHONE_1350"
2010-12-09 17:00:00;9060;417;3;"RHONE_1350"
2010-12-09 18:00:00;9120;418;3;"RHONE_1350"
2010-12-09 19:00:00;9180;419;3;"RHONE_1350"
2010-12-09 20:00:00;9240;420;3;"RHONE_1350"
2010-12-09 21:00:00;9300;419;3;"RHONE_1350"
2010-12-09 22:00:00;9360;406;3;"RHONE_1350"
2010-12-09 23:00:00;9420;378;3;"RHONE_1350"
2010-12-10;9480;349;3;"RHONE_1350"
2010-12-10 01:00:00;9540;335;3;"RHONE_1350"
2010-12-10 02:00:00;9600;328;3;"RHONE_1350"
2010-12-10 03:00:00;9660;316;3;"RHONE_1350"
2010-12-10 04:00:00;9720;308;3;"RHONE_1350"
2010-12-10 05:00:00;9780;303;3;"RHONE_1350"
2010-12-10 06:00:00;9840;299;3;"RHONE_1350"
2010-12-10 07:00:00;9900;297;3;"RHONE_1350"
2010-12-10 08:00:00;9960;294;3;"RHONE_1350"
2010-12-10 09:00:00;10020;291;3;"RHONE_1350"
2010-12-10 10:00:00;10080;289;3;"RHONE_1350"
2010-12-10 11:00:00;10140;287;3;"RHONE_1350"
2010-12-10 12:00:00;10200;285;3;"RHONE_1350"
2010-12-10 13:00:00;10260;284;3;"RHONE_1350"
2010-12-10 14:00:00;10320;283;3;"RHONE_1350"
2010-12-10 15:00:00;10380;281;3;"RHONE_1350"
2010-12-10 16:00:00;10440;280;3;"RHONE_1350"
2010-12-10 17:00:00;10500;279;3;"RHONE_1350"
2010-12-10 18:00:00;10560;278;3;"RHONE_1350"
2010-12-10 19:00:00;10620;277;3;"RHONE_1350"
2010-12-10 20:00:00;10680;276;3;"RHONE_1350"
2010-12-10 21:00:00;10740;275;3;"RHONE_1350"
2010-12-10 22:00:00;10800;274;3;"RHONE_1350"
2010-12-10 23:00:00;10860;273;3;"RHONE_1350"
2010-12-11;10920;272;3;"RHONE_1350"
2010-12-11 01:00:00;10980;271;3;"RHONE_1350"
2010-12-11 02:00:00;11040;269;3;"RHONE_1350"
2010-12-11 03:00:00;11100;268;3;"RHONE_1350"
2010-12-11 04:00:00;11160;268;3;"RHONE_1350"
2010-12-11 05:00:00;11220;266;3;"RHONE_1350"
2010-12-11 06:00:00;11280;263;3;"RHONE_1350"
2010-12-11 07:00:00;11340;260;3;"RHONE_1350"
2010-12-11 08:00:00;11400;258;3;"RHONE_1350"
2010-12-11 09:00:00;11460;259;3;"RHONE_1350"
2010-12-11 10:00:00;11520;258;3;"RHONE_1350"
2010-12-11 11:00:00;11580;258;3;"RHONE_1350"
2010-12-11 12:00:00;11640;256;3;"RHONE_1350"
2010-12-11 13:00:00;11700;249;3;"RHONE_1350"
2010-12-11 14:00:00;11760;234;3;"RHONE_1350"
2010-12-11 15:00:00;11820;224;3;"RHONE_1350"
2010-12-11 16:00:00;11880;219;3;"RHONE_1350"
2010-12-11 17:00:00;11940;216;3;"RHONE_1350"
2010-12-11 18:00:00;12000;215;3;"RHONE_1350"
2010-12-11 19:00:00;12060;213;3;"RHONE_1350"
2010-12-11 20:00:00;12120;213;3;"RHONE_1350"
2010-12-11 21:00:00;12180;212;3;"RHONE_1350"
2010-12-11 22:00:00;12240;211;3;"RHONE_1350"
2010-12-11 23:00:00;12300;207;3;"RHONE_1350"
2010-12-12;12360;198;3;"RHONE_1350"
2010-12-12 01:00:00;12420;186;3;"RHONE_1350"
2010-12-12 02:00:00;12480;178;3;"RHONE_1350"
2010-12-12 03:00:00;12540;175;3;"RHONE_1350"
2010-12-12 04:00:00;12600;172;3;"RHONE_1350"
2010-12-12 05:00:00;12660;171;3;"RHONE_1350"
2010-12-12 06:00:00;12720;174;3;"RHONE_1350"
2010-12-12 07:00:00;12780;175;3;"RHONE_1350"
2010-12-12 08:00:00;12840;165;3;"RHONE_1350"
2010-12-12 09:00:00;12900;154;3;"RHONE_1350"
2010-12-12 10:00:00;12960;145;3;"RHONE_1350"
2010-12-12 11:00:00;13020;140;3;"RHONE_1350"
2010-12-12 12:00:00;13080;138;3;"RHONE_1350"
2010-12-12 13:00:00;13140;139;3;"RHONE_1350"
2010-12-12 14:00:00;13200;143;3;"RHONE_1350"
2010-12-12 15:00:00;13260;147;3;"RHONE_1350"
2010-12-12 16:00:00;13320;149;3;"RHONE_1350"
2010-12-12 17:00:00;13380;150;3;"RHONE_1350"
2010-12-12 18:00:00;13440;149;3;"RHONE_1350"
2010-12-12 19:00:00;13500;148;3;"RHONE_1350"
2010-12-12 20:00:00;13560;145;3;"RHONE_1350"
2010-12-12 21:00:00;13620;139;3;"RHONE_1350"
2010-12-12 22:00:00;13680;132;3;"RHONE_1350"
2010-12-12 23:00:00;13740;130;3;"RHONE_1350"
2010-12-13;13800;128;3;"RHONE_1350"
2010-12-13 01:00:00;13860;127;3;"RHONE_1350"
2010-12-13 02:00:00;13920;125;3;"RHONE_1350"
2010-12-13 03:00:00;13980;125;3;"RHONE_1350"
2010-12-13 04:00:00;14040;124;3;"RHONE_1350"
2010-12-13 05:00:00;14100;124;3;"RHONE_1350"
2010-12-13 06:00:00;14160;125;3;"RHONE_1350"
2010-12-13 07:00:00;14220;130;3;"RHONE_1350"
2010-12-13 08:00:00;14280;136;3;"RHONE_1350"
2010-12-13 09:00:00;14340;139;3;"RHONE_1350"
2010-12-13 10:00:00;14400;140;3;"RHONE_1350"
2011-02-08 12:00:00;0;71;4;"RHONE_158"
2011-02-08 13:00:00;60;71;4;"RHONE_158"
2011-02-08 14:00:00;120;69;4;"RHONE_158"
2011-02-08 15:00:00;180;62;4;"RHONE_158"
2011-02-08 16:00:00;240;53;4;"RHONE_158"
2011-02-08 17:00:00;300;47;4;"RHONE_158"
2011-02-08 18:00:00;360;45;4;"RHONE_158"
2011-02-08 19:00:00;420;44;4;"RHONE_158"
2011-02-08 20:00:00;480;44;4;"RHONE_158"
2011-02-08 21:00:00;540;44;4;"RHONE_158"
2011-02-08 22:00:00;600;44;4;"RHONE_158"
2011-02-08 23:00:00;660;43;4;"RHONE_158"
2011-02-09;720;43;4;"RHONE_158"
2011-02-09 01:00:00;780;43;4;"RHONE_158"
2011-02-09 02:00:00;840;43;4;"RHONE_158"
2011-02-09 03:00:00;900;43;4;"RHONE_158"
2011-02-09 04:00:00;960;43;4;"RHONE_158"
2011-02-09 05:00:00;1020;43;4;"RHONE_158"
2011-02-09 06:00:00;1080;43;4;"RHONE_158"
2011-02-09 07:00:00;1140;43;4;"RHONE_158"
2011-02-09 08:00:00;1200;43;4;"RHONE_158"
2011-02-09 09:00:00;1260;43;4;"RHONE_158"
2011-02-09 10:00:00;1320;42;4;"RHONE_158"
2011-02-09 11:00:00;1380;42;4;"RHONE_158"
2011-02-09 12:00:00;1440;42;4;"RHONE_158"
2011-02-09 13:00:00;1500;42;4;"RHONE_158"
2011-02-09 14:00:00;1560;42;4;"RHONE_158"
2011-02-09 15:00:00;1620;42;4;"RHONE_158"
2011-02-09 16:00:00;1680;42;4;"RHONE_158"
2011-02-09 17:00:00;1740;42;4;"RHONE_158"
2011-02-09 18:00:00;1800;42;4;"RHONE_158"
2011-02-09 19:00:00;1860;42;4;"RHONE_158"
2011-02-09 20:00:00;1920;43;4;"RHONE_158"
2011-02-09 21:00:00;1980;44;4;"RHONE_158"
2011-02-09 22:00:00;2040;49;4;"RHONE_158"
2011-02-09 23:00:00;2100;53;4;"RHONE_158"
2011-02-10;2160;56;4;"RHONE_158"
2011-02-10 01:00:00;2220;57;4;"RHONE_158"
2011-02-10 02:00:00;2280;61;4;"RHONE_158"
2011-02-10 03:00:00;2340;65;4;"RHONE_158"
2011-02-10 04:00:00;2400;67;4;"RHONE_158"
2011-02-10 05:00:00;2460;68;4;"RHONE_158"
2011-02-10 06:00:00;2520;68;4;"RHONE_158"
2011-02-10 07:00:00;2580;68;4;"RHONE_158"
2011-02-10 08:00:00;2640;69;4;"RHONE_158"
2011-02-10 09:00:00;2700;71;4;"RHONE_158"
2011-02-10 10:00:00;2760;79;4;"RHONE_158"
2011-02-10 11:00:00;2820;92;4;"RHONE_158"
2011-02-10 12:00:00;2880;99;4;"RHONE_158"
2011-02-10 13:00:00;2940;97;4;"RHONE_158"
2011-02-10 14:00:00;3000;83;4;"RHONE_158"
2011-02-10 15:00:00;3060;64;4;"RHONE_158"
2011-02-10 16:00:00;3120;52;4;"RHONE_158"
2011-02-10 17:00:00;3180;49;4;"RHONE_158"
2011-02-10 18:00:00;3240;48;4;"RHONE_158"
2011-02-10 19:00:00;3300;48;4;"RHONE_158"
2011-02-10 20:00:00;3360;47;4;"RHONE_158"
2011-02-10 21:00:00;3420;45;4;"RHONE_158"
2011-02-10 22:00:00;3480;45;4;"RHONE_158"
2011-02-10 23:00:00;3540;45;4;"RHONE_158"
2011-02-11;3600;44;4;"RHONE_158"
2011-02-11 01:00:00;3660;45;4;"RHONE_158"
2011-02-11 02:00:00;3720;44;4;"RHONE_158"
2011-02-11 03:00:00;3780;44;4;"RHONE_158"
2011-02-11 04:00:00;3840;44;4;"RHONE_158"
2011-02-11 05:00:00;3900;43;4;"RHONE_158"
2011-02-11 06:00:00;3960;43;4;"RHONE_158"
2011-02-11 07:00:00;4020;43;4;"RHONE_158"
2011-02-11 08:00:00;4080;42;4;"RHONE_158"
2011-02-11 09:00:00;4140;42;4;"RHONE_158"
2011-02-11 10:00:00;4200;43;4;"RHONE_158"
2011-02-11 11:00:00;4260;42;4;"RHONE_158"
2011-02-11 12:00:00;4320;43;4;"RHONE_158"
2011-02-11 13:00:00;4380;44;4;"RHONE_158"
2011-02-11 14:00:00;4440;43;4;"RHONE_158"
2011-02-11 15:00:00;4500;43;4;"RHONE_158"
2011-02-11 16:00:00;4560;43;4;"RHONE_158"
2011-02-11 17:00:00;4620;42;4;"RHONE_158"
2011-02-11 18:00:00;4680;41;4;"RHONE_158"
2011-02-11 19:00:00;4740;41;4;"RHONE_158"
2011-02-11 20:00:00;4800;39;4;"RHONE_158"
2011-02-11 21:00:00;4860;40;4;"RHONE_158"
2011-02-11 22:00:00;4920;41;4;"RHONE_158"
2011-02-11 23:00:00;4980;44;4;"RHONE_158"
2011-02-12;5040;44;4;"RHONE_158"
2011-02-12 01:00:00;5100;43;4;"RHONE_158"
2011-02-12 02:00:00;5160;43;4;"RHONE_158"
2011-02-12 03:00:00;5220;42;4;"RHONE_158"
2011-02-12 04:00:00;5280;41;4;"RHONE_158"
2011-02-12 05:00:00;5340;41;4;"RHONE_158"
2011-02-12 06:00:00;5400;41;4;"RHONE_158"
2011-02-12 07:00:00;5460;41;4;"RHONE_158"
2011-02-12 08:00:00;5520;41;4;"RHONE_158"
2011-02-12 09:00:00;5580;41;4;"RHONE_158"
2011-02-12 10:00:00;5640;41;4;"RHONE_158"
2011-02-12 11:00:00;5700;41;4;"RHONE_158"
2011-02-12 12:00:00;5760;41;4;"RHONE_158"
2011-02-12 13:00:00;5820;41;4;"RHONE_158"
2011-02-12 14:00:00;5880;41;4;"RHONE_158"
2011-02-12 15:00:00;5940;41;4;"RHONE_158"
2011-02-12 16:00:00;6000;41;4;"RHONE_158"
2011-02-12 17:00:00;6060;41;4;"RHONE_158"
2011-02-12 18:00:00;6120;42;4;"RHONE_158"
2011-02-12 19:00:00;6180;42;4;"RHONE_158"
2011-02-12 20:00:00;6240;41;4;"RHONE_158"
2011-02-12 21:00:00;6300;41;4;"RHONE_158"
2011-02-12 22:00:00;6360;41;4;"RHONE_158"
2011-02-12 23:00:00;6420;41;4;"RHONE_158"
2011-02-13;6480;41;4;"RHONE_158"
2011-02-13 01:00:00;6540;41;4;"RHONE_158"
2011-02-13 02:00:00;6600;41;4;"RHONE_158"
2011-02-13 03:00:00;6660;41;4;"RHONE_158"
2011-02-13 04:00:00;6720;41;4;"RHONE_158"
2011-02-13 05:00:00;6780;41;4;"RHONE_158"
2011-02-13 06:00:00;6840;41;4;"RHONE_158"
2011-02-13 07:00:00;6900;41;4;"RHONE_158"
2011-02-13 08:00:00;6960;41;4;"RHONE_158"
2011-02-13 09:00:00;7020;41;4;"RHONE_158"
2011-02-13 10:00:00;7080;41;4;"RHONE_158"
2011-02-13 11:00:00;7140;40;4;"RHONE_158"
2011-02-13 12:00:00;7200;41;4;"RHONE_158"
2011-02-13 13:00:00;7260;40;4;"RHONE_158"
2011-02-13 14:00:00;7320;40;4;"RHONE_158"
2011-02-13 15:00:00;7380;40;4;"RHONE_158"
2011-02-13 16:00:00;7440;40;4;"RHONE_158"
2011-02-13 17:00:00;7500;41;4;"RHONE_158"
2011-02-13 18:00:00;7560;41;4;"RHONE_158"
2011-02-13 19:00:00;7620;41;4;"RHONE_158"
2011-02-13 20:00:00;7680;41;4;"RHONE_158"
2011-02-13 21:00:00;7740;41;4;"RHONE_158"
2011-02-13 22:00:00;7800;41;4;"RHONE_158"
2011-02-13 23:00:00;7860;40;4;"RHONE_158"
2011-02-14;7920;40;4;"RHONE_158"
2011-02-14 01:00:00;7980;41;4;"RHONE_158"
2011-02-14 02:00:00;8040;41;4;"RHONE_158"
2011-02-14 03:00:00;8100;41;4;"RHONE_158"
2011-02-14 04:00:00;8160;41;4;"RHONE_158"
2011-02-14 05:00:00;8220;41;4;"RHONE_158"
2011-02-14 06:00:00;8280;41;4;"RHONE_158"
2011-02-14 07:00:00;8340;41;4;"RHONE_158"
2011-02-14 08:00:00;8400;41;4;"RHONE_158"
2011-02-14 09:00:00;8460;41;4;"RHONE_158"
2011-02-14 10:00:00;8520;41;4;"RHONE_158"
2011-02-14 11:00:00;8580;41;4;"RHONE_158"
2011-02-14 12:00:00;8640;41;4;"RHONE_158"
2011-02-14 13:00:00;8700;41;4;"RHONE_158"
2011-02-14 14:00:00;8760;41;4;"RHONE_158"
2011-02-14 15:00:00;8820;41;4;"RHONE_158"
2011-02-14 16:00:00;8880;41;4;"RHONE_158"
2011-02-14 17:00:00;8940;42;4;"RHONE_158"
2011-02-14 18:00:00;9000;42;4;"RHONE_158"
2011-02-14 19:00:00;9060;42;4;"RHONE_158"
2011-02-14 20:00:00;9120;42;4;"RHONE_158"
2011-02-14 21:00:00;9180;42;4;"RHONE_158"
2011-02-14 22:00:00;9240;42;4;"RHONE_158"
2011-02-14 23:00:00;9300;42;4;"RHONE_158"
2011-02-15;9360;42;4;"RHONE_158"
2011-02-15 01:00:00;9420;42;4;"RHONE_158"
2011-02-15 02:00:00;9480;42;4;"RHONE_158"
2011-02-15 03:00:00;9540;42;4;"RHONE_158"
2011-02-15 04:00:00;9600;43;4;"RHONE_158"
2011-02-15 05:00:00;9660;43;4;"RHONE_158"
2011-02-15 06:00:00;9720;44;4;"RHONE_158"
2011-02-15 07:00:00;9780;44;4;"RHONE_158"
2011-02-15 08:00:00;9840;44;4;"RHONE_158"
2011-02-15 09:00:00;9900;44;4;"RHONE_158"
2011-02-15 10:00:00;9960;44;4;"RHONE_158"
2011-02-15 11:00:00;10020;44;4;"RHONE_158"
2011-02-15 12:00:00;10080;44;4;"RHONE_158"
2011-02-15 13:00:00;10140;44;4;"RHONE_158"
2011-02-15 14:00:00;10200;44;4;"RHONE_158"
2011-02-15 15:00:00;10260;44;4;"RHONE_158"
2011-02-15 16:00:00;10320;44;4;"RHONE_158"
2011-02-15 17:00:00;10380;45;4;"RHONE_158"
2011-02-15 18:00:00;10440;46;4;"RHONE_158"
2011-02-15 19:00:00;10500;46;4;"RHONE_158"
2011-02-15 20:00:00;10560;47;4;"RHONE_158"
2011-02-15 21:00:00;10620;47;4;"RHONE_158"
2011-02-15 22:00:00;10680;48;4;"RHONE_158"
2011-02-15 23:00:00;10740;49;4;"RHONE_158"
2011-02-16;10800;49;4;"RHONE_158"
2011-02-16 01:00:00;10860;49;4;"RHONE_158"
2011-02-16 02:00:00;10920;49;4;"RHONE_158"
2011-02-16 03:00:00;10980;49;4;"RHONE_158"
2011-02-16 04:00:00;11040;49;4;"RHONE_158"
2011-02-16 05:00:00;11100;49;4;"RHONE_158"
2011-02-16 06:00:00;11160;49;4;"RHONE_158"
2011-02-16 07:00:00;11220;49;4;"RHONE_158"
2011-02-16 08:00:00;11280;49;4;"RHONE_158"
2011-02-16 09:00:00;11340;49;4;"RHONE_158"
2011-02-16 10:00:00;11400;48;4;"RHONE_158"
2011-02-16 11:00:00;11460;48;4;"RHONE_158"
2011-02-16 12:00:00;11520;47;4;"RHONE_158"
2011-02-16 13:00:00;11580;46;4;"RHONE_158"
2011-02-16 14:00:00;11640;47;4;"RHONE_158"
2011-02-16 15:00:00;11700;48;4;"RHONE_158"
2011-02-16 16:00:00;11760;47;4;"RHONE_158"
2011-02-16 17:00:00;11820;47;4;"RHONE_158"
2011-02-16 18:00:00;11880;47;4;"RHONE_158"
2011-02-16 19:00:00;11940;46;4;"RHONE_158"
2011-02-16 20:00:00;12000;46;4;"RHONE_158"
2011-02-16 21:00:00;12060;46;4;"RHONE_158"
2011-02-16 22:00:00;12120;46;4;"RHONE_158"
2011-02-16 23:00:00;12180;46;4;"RHONE_158"
2011-02-17;12240;46;4;"RHONE_158"
2011-02-17 01:00:00;12300;45;4;"RHONE_158"
2011-02-17 02:00:00;12360;45;4;"RHONE_158"
2011-02-17 03:00:00;12420;45;4;"RHONE_158"
2011-02-17 04:00:00;12480;45;4;"RHONE_158"
2011-02-17 05:00:00;12540;45;4;"RHONE_158"
2011-02-17 06:00:00;12600;45;4;"RHONE_158"
2011-02-17 07:00:00;12660;45;4;"RHONE_158"
2011-02-17 08:00:00;12720;45;4;"RHONE_158"
2011-02-17 09:00:00;12780;44;4;"RHONE_158"
2011-02-17 10:00:00;12840;44;4;"RHONE_158"
2011-02-17 11:00:00;12900;44;4;"RHONE_158"
2011-02-17 12:00:00;12960;44;4;"RHONE_158"
2011-02-17 13:00:00;13020;44;4;"RHONE_158"
2011-02-17 14:00:00;13080;44;4;"RHONE_158"
2011-02-17 15:00:00;13140;44;4;"RHONE_158"
2011-02-17 16:00:00;13200;44;4;"RHONE_158"
2011-02-17 17:00:00;13260;44;4;"RHONE_158"
2011-02-17 18:00:00;13320;44;4;"RHONE_158"
2011-02-17 19:00:00;13380;44;4;"RHONE_158"
2011-02-17 20:00:00;13440;44;4;"RHONE_158"
2011-02-17 21:00:00;13500;44;4;"RHONE_158"
2011-02-17 22:00:00;13560;44;4;"RHONE_158"
2011-02-17 23:00:00;13620;44;4;"RHONE_158"
2011-02-18;13680;44;4;"RHONE_158"
2011-02-18 01:00:00;13740;43;4;"RHONE_158"
2011-02-18 02:00:00;13800;43;4;"RHONE_158"
2011-02-18 03:00:00;13860;43;4;"RHONE_158"
2011-02-18 04:00:00;13920;43;4;"RHONE_158"
2011-02-18 05:00:00;13980;43;4;"RHONE_158"
2011-02-18 06:00:00;14040;43;4;"RHONE_158"
2011-02-18 07:00:00;14100;43;4;"RHONE_158"
2011-02-18 08:00:00;14160;43;4;"RHONE_158"
2011-02-18 09:00:00;14220;43;4;"RHONE_158"
2011-02-18 10:00:00;14280;43;4;"RHONE_158"
2011-02-18 11:00:00;14340;43;4;"RHONE_158"
2011-02-18 12:00:00;14400;43;4;"RHONE_158"
2016-04-07 12:00:00;2.21666666666667;247;2;"AIN_90"
2016-04-07 13:00:00;62.2166666666667;253;2;"AIN_90"
2016-04-07 14:00:00;122.216666666667;254;2;"AIN_90"
2016-04-07 15:00:00;182.216666666667;253;2;"AIN_90"
2016-04-07 16:00:00;242.216666666667;244;2;"AIN_90"
2016-04-07 17:00:00;302.216666666667;223;2;"AIN_90"
2016-04-07 18:00:00;362.216666666667;198;2;"AIN_90"
2016-04-07 19:00:00;422.216666666667;176;2;"AIN_90"
2016-04-07 20:00:00;482.216666666667;160;2;"AIN_90"
2016-04-07 21:00:00;542.216666666667;152;2;"AIN_90"
2016-04-07 22:00:00;602.216666666667;146;2;"AIN_90"
2016-04-07 23:00:00;662.216666666667;143;2;"AIN_90"
2016-04-08;722.216666666667;140;2;"AIN_90"
2016-04-08 01:00:00;782.216666666667;138;2;"AIN_90"
2016-04-08 02:00:00;842.216666666667;136;2;"AIN_90"
2016-04-08 03:00:00;902.216666666667;135;2;"AIN_90"
2016-04-08 04:00:00;962.216666666667;134;2;"AIN_90"
2016-04-08 05:00:00;1022.21666666667;138;2;"AIN_90"
2016-04-08 06:00:00;1082.21666666667;151;2;"AIN_90"
2016-04-08 07:00:00;1142.21666666667;162;2;"AIN_90"
2016-04-08 08:00:00;1202.21666666667;166;2;"AIN_90"
2016-04-08 09:00:00;1262.21666666667;168;2;"AIN_90"
2016-04-08 10:00:00;1322.21666666667;170;2;"AIN_90"
2016-04-08 11:00:00;1382.21666666667;174;2;"AIN_90"
2016-04-08 12:00:00;1442.21666666667;171;2;"AIN_90"
2016-04-08 13:00:00;1502.21666666667;162;2;"AIN_90"
2016-04-08 14:00:00;1562.21666666667;156;2;"AIN_90"
2016-04-08 15:00:00;1622.21666666667;158;2;"AIN_90"
2016-04-08 16:00:00;1682.21666666667;165;2;"AIN_90"
2016-04-08 17:00:00;1742.21666666667;169;2;"AIN_90"
2016-04-08 18:00:00;1802.21666666667;171;2;"AIN_90"
2016-04-08 19:00:00;1862.21666666667;174;2;"AIN_90"
2016-04-08 20:00:00;1922.21666666667;169;2;"AIN_90"
2016-04-08 21:00:00;1982.21666666667;156;2;"AIN_90"
2016-04-08 22:00:00;2042.21666666667;145;2;"AIN_90"
2016-04-08 23:00:00;2102.21666666667;139;2;"AIN_90"
2016-04-09;2162.21666666667;136;2;"AIN_90"
2016-04-09 01:00:00;2222.21666666667;134;2;"AIN_90"
2016-04-09 02:00:00;2282.21666666667;133;2;"AIN_90"
2016-04-09 03:00:00;2342.21666666667;132;2;"AIN_90"
2016-04-09 04:00:00;2402.21666666667;131;2;"AIN_90"
2016-04-09 05:00:00;2462.21666666667;130;2;"AIN_90"
2016-04-09 06:00:00;2522.21666666667;125;2;"AIN_90"
2016-04-09 07:00:00;2582.21666666667;117;2;"AIN_90"
2016-04-09 08:00:00;2642.21666666667;107;2;"AIN_90"
2016-04-09 09:00:00;2702.21666666667;98;2;"AIN_90"
2016-04-09 10:00:00;2762.21666666667;89;2;"AIN_90"
2016-04-09 11:00:00;2822.21666666667;81;2;"AIN_90"
2016-04-09 12:00:00;2882.21666666667;75;2;"AIN_90"
2016-04-09 13:00:00;2942.21666666667;72;2;"AIN_90"
2016-04-09 14:00:00;3002.21666666667;69;2;"AIN_90"
2016-04-09 15:00:00;3062.21666666667;67;2;"AIN_90"
2016-04-09 16:00:00;3122.21666666667;65;2;"AIN_90"
2016-04-09 17:00:00;3182.21666666667;65;2;"AIN_90"
2016-04-09 18:00:00;3242.21666666667;65;2;"AIN_90"
2016-04-09 19:00:00;3302.21666666667;66;2;"AIN_90"
2016-04-09 20:00:00;3362.21666666667;65;2;"AIN_90"
2016-04-09 21:00:00;3422.21666666667;68;2;"AIN_90"
2016-04-09 22:00:00;3482.21666666667;80;2;"AIN_90"
2016-04-09 23:00:00;3542.21666666667;86;2;"AIN_90"
2016-04-10;3602.21666666667;87;2;"AIN_90"
2016-04-10 01:00:00;3662.21666666667;87;2;"AIN_90"
2016-04-10 02:00:00;3722.21666666667;87;2;"AIN_90"
2016-04-10 03:00:00;3782.21666666667;87;2;"AIN_90"
2016-04-10 04:00:00;3842.21666666667;87;2;"AIN_90"
2016-04-10 05:00:00;3902.21666666667;87;2;"AIN_90"
2016-04-10 06:00:00;3962.21666666667;86;2;"AIN_90"
2016-04-10 07:00:00;4022.21666666667;86;2;"AIN_90"
2016-04-10 08:00:00;4082.21666666667;86;2;"AIN_90"
2016-04-10 09:00:00;4142.21666666667;86;2;"AIN_90"
2016-04-10 10:00:00;4202.21666666667;86;2;"AIN_90"
2016-04-10 11:00:00;4262.21666666667;86;2;"AIN_90"
2016-04-10 12:00:00;4322.21666666667;86;2;"AIN_90"
2016-04-10 13:00:00;4382.21666666667;86;2;"AIN_90"
2016-04-10 14:00:00;4442.21666666667;86;2;"AIN_90"
2016-04-10 15:00:00;4502.21666666667;85;2;"AIN_90"
2016-04-10 16:00:00;4562.21666666667;83;2;"AIN_90"
2016-04-10 17:00:00;4622.21666666667;84;2;"AIN_90"
2016-04-10 18:00:00;4682.21666666667;87;2;"AIN_90"
2016-04-10 19:00:00;4742.21666666667;84;2;"AIN_90"
2016-04-10 20:00:00;4802.21666666667;78;2;"AIN_90"
2016-04-10 21:00:00;4862.21666666667;74;2;"AIN_90"
2016-04-10 22:00:00;4922.21666666667;71;2;"AIN_90"
2016-04-10 23:00:00;4982.21666666667;70;2;"AIN_90"
2016-04-11;5042.21666666667;69;2;"AIN_90"
2016-04-11 01:00:00;5102.21666666667;69;2;"AIN_90"
2016-04-11 02:00:00;5162.21666666667;68;2;"AIN_90"
2016-04-11 03:00:00;5222.21666666667;68;2;"AIN_90"
2016-04-11 04:00:00;5282.21666666667;68;2;"AIN_90"
2016-04-11 05:00:00;5342.21666666667;67;2;"AIN_90"
2016-04-11 06:00:00;5402.21666666667;67;2;"AIN_90"
2016-04-11 07:00:00;5462.21666666667;66;2;"AIN_90"
2016-04-11 08:00:00;5522.21666666667;61;2;"AIN_90"
2016-04-11 09:00:00;5582.21666666667;57;2;"AIN_90"
2016-04-11 10:00:00;5642.21666666667;56;2;"AIN_90"
2016-04-11 11:00:00;5702.21666666667;56;2;"AIN_90"
2016-04-11 12:00:00;5762.21666666667;55;2;"AIN_90"
2016-04-11 13:00:00;5822.21666666667;55;2;"AIN_90"
2016-04-11 14:00:00;5882.21666666667;55;2;"AIN_90"
2016-04-11 15:00:00;5942.21666666667;55;2;"AIN_90"
2016-04-11 16:00:00;6002.21666666667;57;2;"AIN_90"
2016-04-11 17:00:00;6062.21666666667;59;2;"AIN_90"
2016-04-11 18:00:00;6122.21666666667;61;2;"AIN_90"
2016-04-11 19:00:00;6182.21666666667;62;2;"AIN_90"
2016-04-11 20:00:00;6242.21666666667;62;2;"AIN_90"
2016-04-11 21:00:00;6302.21666666667;61;2;"AIN_90"
2016-04-11 22:00:00;6362.21666666667;60;2;"AIN_90"
2016-04-11 23:00:00;6422.21666666667;60;2;"AIN_90"
2016-04-12;6482.21666666667;60;2;"AIN_90"
2016-04-12 01:00:00;6542.21666666667;57;2;"AIN_90"
2016-04-12 02:00:00;6602.21666666667;53;2;"AIN_90"
2016-04-12 03:00:00;6662.21666666667;52;2;"AIN_90"
2016-04-12 04:00:00;6722.21666666667;54;2;"AIN_90"
2016-04-12 05:00:00;6782.21666666667;56;2;"AIN_90"
2016-04-12 06:00:00;6842.21666666667;58;2;"AIN_90"
2016-04-12 07:00:00;6902.21666666667;69;2;"AIN_90"
2016-04-12 08:00:00;6962.21666666667;82;2;"AIN_90"
2016-04-12 09:00:00;7022.21666666667;86;2;"AIN_90"
2016-04-12 10:00:00;7082.21666666667;88;2;"AIN_90"
2016-04-12 11:00:00;7142.21666666667;88;2;"AIN_90"
2016-04-12 12:00:00;7202.21666666667;89;2;"AIN_90"
2016-04-12 13:00:00;7262.21666666667;89;2;"AIN_90"
2016-04-12 14:00:00;7322.21666666667;89;2;"AIN_90"
2016-04-12 15:00:00;7382.21666666667;89;2;"AIN_90"
2016-04-12 16:00:00;7442.21666666667;90;2;"AIN_90"
2016-04-12 17:00:00;7502.21666666667;90;2;"AIN_90"
2016-04-12 18:00:00;7562.21666666667;90;2;"AIN_90"
2016-04-12 19:00:00;7622.21666666667;91;2;"AIN_90"
2016-04-12 20:00:00;7682.21666666667;91;2;"AIN_90"
2016-04-12 21:00:00;7742.21666666667;91;2;"AIN_90"
2016-04-12 22:00:00;7802.21666666667;90;2;"AIN_90"
2016-04-12 23:00:00;7862.21666666667;89;2;"AIN_90"
2016-04-13;7922.21666666667;83;2;"AIN_90"
2016-04-13 01:00:00;7982.21666666667;72;2;"AIN_90"
2016-04-13 02:00:00;8042.21666666667;61;2;"AIN_90"
2016-04-13 03:00:00;8102.21666666667;55;2;"AIN_90"
2016-04-13 04:00:00;8162.21666666667;53;2;"AIN_90"
2016-04-13 05:00:00;8222.21666666667;52;2;"AIN_90"
2016-04-13 06:00:00;8282.21666666667;50;2;"AIN_90"
2016-04-13 07:00:00;8342.21666666667;49;2;"AIN_90"
2016-04-13 08:00:00;8402.21666666667;49;2;"AIN_90"
2016-04-13 09:00:00;8462.21666666667;48;2;"AIN_90"
2016-04-13 10:00:00;8522.21666666667;48;2;"AIN_90"
2016-04-13 11:00:00;8582.21666666667;48;2;"AIN_90"
2016-04-13 12:00:00;8642.21666666667;47;2;"AIN_90"
2016-04-13 13:00:00;8702.21666666667;47;2;"AIN_90"
2016-04-13 14:00:00;8762.21666666667;47;2;"AIN_90"
2016-04-13 15:00:00;8822.21666666667;46;2;"AIN_90"
2016-04-13 16:00:00;8882.21666666667;46;2;"AIN_90"
2016-04-13 17:00:00;8942.21666666667;46;2;"AIN_90"
2016-04-13 18:00:00;9002.21666666667;46;2;"AIN_90"
2016-04-13 19:00:00;9062.21666666667;46;2;"AIN_90"
2016-04-13 20:00:00;9122.21666666667;46;2;"AIN_90"
2016-04-13 21:00:00;9182.21666666667;46;2;"AIN_90"
2016-04-13 22:00:00;9242.21666666667;46;2;"AIN_90"
2016-04-13 23:00:00;9302.21666666667;46;2;"AIN_90"
2016-04-14;9362.21666666667;46;2;"AIN_90"
2016-04-14 01:00:00;9422.21666666667;47;2;"AIN_90"
2016-04-14 02:00:00;9482.21666666667;57;2;"AIN_90"
2016-04-14 03:00:00;9542.21666666667;78;2;"AIN_90"
2016-04-14 04:00:00;9602.21666666667;87;2;"AIN_90"
2016-04-14 05:00:00;9662.21666666667;89;2;"AIN_90"
2016-04-14 06:00:00;9722.21666666667;89;2;"AIN_90"
2016-04-14 07:00:00;9782.21666666667;88;2;"AIN_90"
2016-04-14 08:00:00;9842.21666666667;88;2;"AIN_90"
2016-04-14 09:00:00;9902.21666666667;88;2;"AIN_90"
2016-04-14 10:00:00;9962.21666666667;88;2;"AIN_90"
2016-04-14 11:00:00;10022.2166666667;87;2;"AIN_90"
2016-04-14 12:00:00;10082.2166666667;82;2;"AIN_90"
2016-04-14 13:00:00;10142.2166666667;72;2;"AIN_90"
2016-04-14 14:00:00;10202.2166666667;61;2;"AIN_90"
2016-04-14 15:00:00;10262.2166666667;56;2;"AIN_90"
2016-04-14 16:00:00;10322.2166666667;55;2;"AIN_90"
2016-04-14 17:00:00;10382.2166666667;52;2;"AIN_90"
2016-04-14 18:00:00;10442.2166666667;50;2;"AIN_90"
2016-04-14 19:00:00;10502.2166666667;48;2;"AIN_90"
2016-04-14 20:00:00;10562.2166666667;48;2;"AIN_90"
2016-04-14 21:00:00;10622.2166666667;47;2;"AIN_90"
2016-04-14 22:00:00;10682.2166666667;47;2;"AIN_90"
2016-04-14 23:00:00;10742.2166666667;47;2;"AIN_90"
2016-04-15;10802.2166666667;46;2;"AIN_90"
2016-04-15 01:00:00;10862.2166666667;46;2;"AIN_90"
2016-04-15 02:00:00;10922.2166666667;49;2;"AIN_90"
2016-04-15 03:00:00;10982.2166666667;68;2;"AIN_90"
2016-04-15 04:00:00;11042.2166666667;83;2;"AIN_90"
2016-04-15 05:00:00;11102.2166666667;83;2;"AIN_90"
2016-04-15 06:00:00;11162.2166666667;80;2;"AIN_90"
2016-04-15 07:00:00;11222.2166666667;76;2;"AIN_90"
2016-04-15 08:00:00;11282.2166666667;71;2;"AIN_90"
2016-04-15 09:00:00;11342.2166666667;67;2;"AIN_90"
2016-04-15 10:00:00;11402.2166666667;64;2;"AIN_90"
2016-04-15 11:00:00;11462.2166666667;63;2;"AIN_90"
2016-04-15 12:00:00;11522.2166666667;63;2;"AIN_90"
2016-04-15 13:00:00;11582.2166666667;65;2;"AIN_90"
2016-04-15 14:00:00;11642.2166666667;66;2;"AIN_90"
2016-04-15 15:00:00;11702.2166666667;66;2;"AIN_90"
2016-04-15 16:00:00;11762.2166666667;68;2;"AIN_90"
2016-04-15 17:00:00;11822.2166666667;69;2;"AIN_90"
2016-04-15 18:00:00;11882.2166666667;72;2;"AIN_90"
2016-04-15 19:00:00;11942.2166666667;83;2;"AIN_90"
2016-04-15 20:00:00;12002.2166666667;98;2;"AIN_90"
2016-04-15 21:00:00;12062.2166666667;107;2;"AIN_90"
2016-04-15 22:00:00;12122.2166666667;112;2;"AIN_90"
2016-04-15 23:00:00;12182.2166666667;113;2;"AIN_90"
2016-04-16;12242.2166666667;116;2;"AIN_90"
2016-04-16 01:00:00;12302.2166666667;121;2;"AIN_90"
2016-04-16 02:00:00;12362.2166666667;127;2;"AIN_90"
2016-04-16 03:00:00;12422.2166666667;135;2;"AIN_90"
2016-04-16 04:00:00;12482.2166666667;147;2;"AIN_90"
2016-04-16 05:00:00;12542.2166666667;155;2;"AIN_90"
2016-04-16 06:00:00;12602.2166666667;156;2;"AIN_90"
2016-04-16 07:00:00;12662.2166666667;145;2;"AIN_90"
2016-04-16 08:00:00;12722.2166666667;128;2;"AIN_90"
2016-04-16 09:00:00;12782.2166666667;110;2;"AIN_90"
2016-04-16 10:00:00;12842.2166666667;95;2;"AIN_90"
2016-04-16 11:00:00;12902.2166666667;84;2;"AIN_90"
2016-04-16 12:00:00;12962.2166666667;77;2;"AIN_90"
2016-04-16 13:00:00;13022.2166666667;75;2;"AIN_90"
2016-04-16 14:00:00;13082.2166666667;78;2;"AIN_90"
2016-04-16 15:00:00;13142.2166666667;92;2;"AIN_90"
2016-04-16 16:00:00;13202.2166666667;114;2;"AIN_90"
2016-04-16 17:00:00;13262.2166666667;135;2;"AIN_90"
2016-04-16 18:00:00;13322.2166666667;152;2;"AIN_90"
2016-04-16 19:00:00;13382.2166666667;158;2;"AIN_90"
2016-04-16 20:00:00;13442.2166666667;156;2;"AIN_90"
2016-04-16 21:00:00;13502.2166666667;150;2;"AIN_90"
2016-04-16 22:00:00;13562.2166666667;144;2;"AIN_90"
2016-04-16 23:00:00;13622.2166666667;142;2;"AIN_90"
2016-04-17;13682.2166666667;142;2;"AIN_90"
2016-04-17 01:00:00;13742.2166666667;143;2;"AIN_90"
2016-04-17 02:00:00;13802.2166666667;142;2;"AIN_90"
2016-04-17 03:00:00;13862.2166666667;135;2;"AIN_90"
2016-04-17 04:00:00;13922.2166666667;127;2;"AIN_90"
2016-04-17 05:00:00;13982.2166666667;123;2;"AIN_90"
2016-04-17 06:00:00;14042.2166666667;121;2;"AIN_90"
2016-04-17 07:00:00;14102.2166666667;122;2;"AIN_90"
2016-04-17 08:00:00;14162.2166666667;127;2;"AIN_90"
2016-04-17 09:00:00;14222.2166666667;138;2;"AIN_90"
2016-04-17 10:00:00;14282.2166666667;151;2;"AIN_90"
2016-04-17 11:00:00;14342.2166666667;167;2;"AIN_90"
2016-04-17 12:00:00;14402.2166666667;197;2;"AIN_90"
2016-04-17 13:00:00;14462.2166666667;222;2;"AIN_90"
2016-08-28 01:00:00;42;23;1;"AIN_16"
2016-08-28 02:00:00;102;21;1;"AIN_16"
2016-08-28 03:00:00;162;20;1;"AIN_16"
2016-08-28 04:00:00;222;19;1;"AIN_16"
2016-08-28 05:00:00;282;19;1;"AIN_16"
2016-08-28 06:00:00;342;19;1;"AIN_16"
2016-08-28 07:00:00;402;18;1;"AIN_16"
2016-08-28 08:00:00;462;18;1;"AIN_16"
2016-08-28 09:00:00;522;18;1;"AIN_16"
2016-08-28 10:00:00;582;17;1;"AIN_16"
2016-08-28 11:00:00;642;17;1;"AIN_16"
2016-08-28 12:00:00;702;17;1;"AIN_16"
2016-08-28 13:00:00;762;17;1;"AIN_16"
2016-08-28 14:00:00;822;17;1;"AIN_16"
2016-08-28 15:00:00;882;17;1;"AIN_16"
2016-08-28 16:00:00;942;17;1;"AIN_16"
2016-08-28 17:00:00;1002;17;1;"AIN_16"
2016-08-28 18:00:00;1062;19;1;"AIN_16"
2016-08-28 19:00:00;1122;20;1;"AIN_16"
2016-08-28 20:00:00;1182;20;1;"AIN_16"
2016-08-28 21:00:00;1242;20;1;"AIN_16"
2016-08-28 22:00:00;1302;20;1;"AIN_16"
2016-08-28 23:00:00;1362;20;1;"AIN_16"
2016-08-29;1422;20;1;"AIN_16"
2016-08-29 01:00:00;1482;20;1;"AIN_16"
2016-08-29 02:00:00;1542;20;1;"AIN_16"
2016-08-29 03:00:00;1602;20;1;"AIN_16"
2016-08-29 04:00:00;1662;20;1;"AIN_16"
2016-08-29 05:00:00;1722;20;1;"AIN_16"
2016-08-29 06:00:00;1782;20;1;"AIN_16"
2016-08-29 07:00:00;1842;20;1;"AIN_16"
2016-08-29 08:00:00;1902;20;1;"AIN_16"
2016-08-29 09:00:00;1962;20;1;"AIN_16"
2016-08-29 10:00:00;2022;20;1;"AIN_16"
2016-08-29 11:00:00;2082;20;1;"AIN_16"
2016-08-29 12:00:00;2142;20;1;"AIN_16"
2016-08-29 13:00:00;2202;20;1;"AIN_16"
2016-08-29 14:00:00;2262;20;1;"AIN_16"
2016-08-29 15:00:00;2322;20;1;"AIN_16"
2016-08-29 16:00:00;2382;20;1;"AIN_16"
2016-08-29 17:00:00;2442;20;1;"AIN_16"
2016-08-29 18:00:00;2502;19;1;"AIN_16"
2016-08-29 19:00:00;2562;19;1;"AIN_16"
2016-08-29 20:00:00;2622;19;1;"AIN_16"
2016-08-29 21:00:00;2682;19;1;"AIN_16"
2016-08-29 22:00:00;2742;19;1;"AIN_16"
2016-08-29 23:00:00;2802;19;1;"AIN_16"
2016-08-30;2862;19;1;"AIN_16"
2016-08-30 01:00:00;2922;19;1;"AIN_16"
2016-08-30 02:00:00;2982;19;1;"AIN_16"
2016-08-30 03:00:00;3042;19;1;"AIN_16"
2016-08-30 04:00:00;3102;19;1;"AIN_16"
2016-08-30 05:00:00;3162;19;1;"AIN_16"
2016-08-30 06:00:00;3222;19;1;"AIN_16"
2016-08-30 07:00:00;3282;19;1;"AIN_16"
2016-08-30 08:00:00;3342;19;1;"AIN_16"
2016-08-30 09:00:00;3402;19;1;"AIN_16"
2016-08-30 10:00:00;3462;19;1;"AIN_16"
2016-08-30 11:00:00;3522;20;1;"AIN_16"
2016-08-30 12:00:00;3582;25;1;"AIN_16"
2016-08-30 13:00:00;3642;29;1;"AIN_16"
2016-08-30 14:00:00;3702;31;1;"AIN_16"
2016-08-30 15:00:00;3762;32;1;"AIN_16"
2016-08-30 16:00:00;3822;33;1;"AIN_16"
2016-08-30 17:00:00;3882;33;1;"AIN_16"
2016-08-30 18:00:00;3942;33;1;"AIN_16"
2016-08-30 19:00:00;4002;33;1;"AIN_16"
2016-08-30 20:00:00;4062;32;1;"AIN_16"
2016-08-30 21:00:00;4122;30;1;"AIN_16"
2016-08-30 22:00:00;4182;27;1;"AIN_16"
2016-08-30 23:00:00;4242;26;1;"AIN_16"
2016-08-31;4302;23;1;"AIN_16"
2016-08-31 01:00:00;4362;22;1;"AIN_16"
2016-08-31 02:00:00;4422;21;1;"AIN_16"
2016-08-31 03:00:00;4482;20;1;"AIN_16"
2016-08-31 04:00:00;4542;20;1;"AIN_16"
2016-08-31 05:00:00;4602;20;1;"AIN_16"
2016-08-31 06:00:00;4662;20;1;"AIN_16"
2016-08-31 07:00:00;4722;20;1;"AIN_16"
2016-08-31 08:00:00;4782;20;1;"AIN_16"
2016-08-31 09:00:00;4842;20;1;"AIN_16"
2016-08-31 10:00:00;4902;20;1;"AIN_16"
2016-08-31 11:00:00;4962;24;1;"AIN_16"
2016-08-31 12:00:00;5022;30;1;"AIN_16"
2016-08-31 13:00:00;5082;32;1;"AIN_16"
2016-08-31 14:00:00;5142;33;1;"AIN_16"
2016-08-31 15:00:00;5202;34;1;"AIN_16"
2016-08-31 16:00:00;5262;34;1;"AIN_16"
2016-08-31 17:00:00;5322;34;1;"AIN_16"
2016-08-31 18:00:00;5382;34;1;"AIN_16"
2016-08-31 19:00:00;5442;34;1;"AIN_16"
2016-08-31 20:00:00;5502;33;1;"AIN_16"
2016-08-31 21:00:00;5562;31;1;"AIN_16"
2016-08-31 22:00:00;5622;26;1;"AIN_16"
2016-08-31 23:00:00;5682;23;1;"AIN_16"
2016-09-01;5742;22;1;"AIN_16"
2016-09-01 01:00:00;5802;21;1;"AIN_16"
2016-09-01 02:00:00;5862;21;1;"AIN_16"
2016-09-01 03:00:00;5922;20;1;"AIN_16"
2016-09-01 04:00:00;5982;20;1;"AIN_16"
2016-09-01 05:00:00;6042;20;1;"AIN_16"
2016-09-01 06:00:00;6102;20;1;"AIN_16"
2016-09-01 07:00:00;6162;20;1;"AIN_16"
2016-09-01 08:00:00;6222;20;1;"AIN_16"
2016-09-01 09:00:00;6282;20;1;"AIN_16"
2016-09-01 10:00:00;6342;20;1;"AIN_16"
2016-09-01 11:00:00;6402;20;1;"AIN_16"
2016-09-01 12:00:00;6462;20;1;"AIN_16"
2016-09-01 13:00:00;6522;20;1;"AIN_16"
2016-09-01 14:00:00;6582;20;1;"AIN_16"
2016-09-01 15:00:00;6642;20;1;"AIN_16"
2016-09-01 16:00:00;6702;20;1;"AIN_16"
2016-09-01 17:00:00;6762;20;1;"AIN_16"
2016-09-01 18:00:00;6822;20;1;"AIN_16"
2016-09-01 19:00:00;6882;20;1;"AIN_16"
2016-09-01 20:00:00;6942;20;1;"AIN_16"
2016-09-01 21:00:00;7002;20;1;"AIN_16"
2016-09-01 22:00:00;7062;20;1;"AIN_16"
2016-09-01 23:00:00;7122;20;1;"AIN_16"
2016-09-02;7182;20;1;"AIN_16"
2016-09-02 01:00:00;7242;20;1;"AIN_16"
2016-09-02 02:00:00;7302;20;1;"AIN_16"
2016-09-02 03:00:00;7362;20;1;"AIN_16"
2016-09-02 04:00:00;7422;20;1;"AIN_16"
2016-09-02 05:00:00;7482;20;1;"AIN_16"
2016-09-02 06:00:00;7542;20;1;"AIN_16"
2016-09-02 07:00:00;7602;20;1;"AIN_16"
2016-09-02 08:00:00;7662;20;1;"AIN_16"
2016-09-02 09:00:00;7722;20;1;"AIN_16"
2016-09-02 10:00:00;7782;20;1;"AIN_16"
2016-09-02 11:00:00;7842;20;1;"AIN_16"
2016-09-02 12:00:00;7902;20;1;"AIN_16"
2016-09-02 13:00:00;7962;20;1;"AIN_16"
2016-09-02 14:00:00;8022;20;1;"AIN_16"
2016-09-02 15:00:00;8082;20;1;"AIN_16"
2016-09-02 16:00:00;8142;20;1;"AIN_16"
2016-09-02 17:00:00;8202;22;1;"AIN_16"
2016-09-02 18:00:00;8262;25;1;"AIN_16"
2016-09-02 19:00:00;8322;24;1;"AIN_16"
2016-09-02 20:00:00;8382;24;1;"AIN_16"
2016-09-02 21:00:00;8442;24;1;"AIN_16"
2016-09-02 22:00:00;8502;24;1;"AIN_16"
2016-09-02 23:00:00;8562;24;1;"AIN_16"
2016-09-03;8622;24;1;"AIN_16"
2016-09-03 01:00:00;8682;24;1;"AIN_16"
2016-09-03 02:00:00;8742;24;1;"AIN_16"
2016-09-03 03:00:00;8802;24;1;"AIN_16"
2016-09-03 04:00:00;8862;24;1;"AIN_16"
2016-09-03 05:00:00;8922;24;1;"AIN_16"
2016-09-03 06:00:00;8982;24;1;"AIN_16"
2016-09-03 07:00:00;9042;24;1;"AIN_16"
2016-09-03 08:00:00;9102;24;1;"AIN_16"
2016-09-03 09:00:00;9162;23;1;"AIN_16"
2016-09-03 10:00:00;9222;22;1;"AIN_16"
2016-09-03 11:00:00;9282;21;1;"AIN_16"
2016-09-03 12:00:00;9342;21;1;"AIN_16"
2016-09-03 13:00:00;9402;20;1;"AIN_16"
2016-09-03 14:00:00;9462;20;1;"AIN_16"
2016-09-03 15:00:00;9522;20;1;"AIN_16"
2016-09-03 16:00:00;9582;20;1;"AIN_16"
2016-09-03 17:00:00;9642;20;1;"AIN_16"
2016-09-03 18:00:00;9702;20;1;"AIN_16"
2016-09-03 19:00:00;9762;20;1;"AIN_16"
2016-09-03 20:00:00;9822;20;1;"AIN_16"
2016-09-03 21:00:00;9882;20;1;"AIN_16"
2016-09-03 22:00:00;9942;20;1;"AIN_16"
2016-09-03 23:00:00;10002;20;1;"AIN_16"
2016-09-04;10062;20;1;"AIN_16"
2016-09-04 01:00:00;10122;20;1;"AIN_16"
2016-09-04 02:00:00;10182;20;1;"AIN_16"
2016-09-04 03:00:00;10242;20;1;"AIN_16"
2016-09-04 04:00:00;10302;21;1;"AIN_16"
2016-09-04 05:00:00;10362;21;1;"AIN_16"
2016-09-04 06:00:00;10422;21;1;"AIN_16"
2016-09-04 07:00:00;10482;22;1;"AIN_16"
2016-09-04 08:00:00;10542;22;1;"AIN_16"
2016-09-04 09:00:00;10602;21;1;"AIN_16"
2016-09-04 10:00:00;10662;21;1;"AIN_16"
2016-09-04 11:00:00;10722;20;1;"AIN_16"
2016-09-04 12:00:00;10782;20;1;"AIN_16"
2016-09-04 13:00:00;10842;20;1;"AIN_16"
2016-09-04 14:00:00;10902;20;1;"AIN_16"
2016-09-04 15:00:00;10962;20;1;"AIN_16"
2016-09-04 16:00:00;11022;20;1;"AIN_16"
2016-09-04 17:00:00;11082;20;1;"AIN_16"
2016-09-04 18:00:00;11142;20;1;"AIN_16"
2016-09-04 19:00:00;11202;20;1;"AIN_16"
2016-09-04 20:00:00;11262;20;1;"AIN_16"
2016-09-04 21:00:00;11322;20;1;"AIN_16"
2016-09-04 22:00:00;11382;20;1;"AIN_16"
2016-09-04 23:00:00;11442;20;1;"AIN_16"
2016-09-05;11502;20;1;"AIN_16"
2016-09-05 01:00:00;11562;20;1;"AIN_16"
2016-09-05 02:00:00;11622;20;1;"AIN_16"
2016-09-05 03:00:00;11682;20;1;"AIN_16"
2016-09-05 04:00:00;11742;20;1;"AIN_16"
2016-09-05 05:00:00;11802;20;1;"AIN_16"
2016-09-05 06:00:00;11862;20;1;"AIN_16"
2016-09-05 07:00:00;11922;20;1;"AIN_16"
2016-09-05 08:00:00;11982;20;1;"AIN_16"
2016-09-05 09:00:00;12042;21;1;"AIN_16"
2016-09-05 10:00:00;12102;21;1;"AIN_16"
2016-09-05 11:00:00;12162;21;1;"AIN_16"
2016-09-05 12:00:00;12222;22;1;"AIN_16"
2016-09-05 13:00:00;12282;22;1;"AIN_16"
2016-09-05 14:00:00;12342;22;1;"AIN_16"
2016-09-05 15:00:00;12402;22;1;"AIN_16"
2016-09-05 16:00:00;12462;22;1;"AIN_16"
2016-09-05 17:00:00;12522;22;1;"AIN_16"
2016-09-05 18:00:00;12582;22;1;"AIN_16"
2016-09-05 19:00:00;12642;22;1;"AIN_16"
2016-09-05 20:00:00;12702;22;1;"AIN_16"
2016-09-05 21:00:00;12762;22;1;"AIN_16"
2016-09-05 22:00:00;12822;22;1;"AIN_16"
2016-09-05 23:00:00;12882;22;1;"AIN_16"
2016-09-06;12942;23;1;"AIN_16"
2016-09-06 01:00:00;13002;23;1;"AIN_16"
2016-09-06 02:00:00;13062;22;1;"AIN_16"
2016-09-06 03:00:00;13122;22;1;"AIN_16"
2016-09-06 04:00:00;13182;22;1;"AIN_16"
2016-09-06 05:00:00;13242;22;1;"AIN_16"
2016-09-06 06:00:00;13302;22;1;"AIN_16"
2016-09-06 07:00:00;13362;22;1;"AIN_16"
2016-09-06 08:00:00;13422;23;1;"AIN_16"
2016-09-06 09:00:00;13482;23;1;"AIN_16"
2016-09-06 10:00:00;13542;23;1;"AIN_16"
2016-09-06 11:00:00;13602;23;1;"AIN_16"
2016-09-06 12:00:00;13662;23;1;"AIN_16"
2016-09-06 13:00:00;13722;23;1;"AIN_16"
2016-09-06 14:00:00;13782;23;1;"AIN_16"
2016-09-06 15:00:00;13842;24;1;"AIN_16"
2016-09-06 16:00:00;13902;29;1;"AIN_16"
2016-09-06 17:00:00;13962;34;1;"AIN_16"
2016-09-06 18:00:00;14022;36;1;"AIN_16"
2016-09-06 19:00:00;14082;38;1;"AIN_16"
2016-09-06 20:00:00;14142;38;1;"AIN_16"
2016-09-06 21:00:00;14202;39;1;"AIN_16"
2016-09-06 22:00:00;14262;41;1;"AIN_16"
2016-09-06 23:00:00;14322;42;1;"AIN_16"
2016-09-07;14382;41;1;"AIN_16"
2016-09-07 01:00:00;14442;41;1;"AIN_16"
